--
-- PostgreSQL database dump
--

\restrict 41pjMoSiEf7WguuUlUrbJMb280RzzYMtRv8960yf2fn1xGvvZRgHwQZnLF9xZUP

-- Dumped from database version 17.5 (aa1f746)
-- Dumped by pg_dump version 18.0

SET statement_timeout = 0;
SET lock_timeout = 0;
SET idle_in_transaction_session_timeout = 0;
SET transaction_timeout = 0;
SET client_encoding = 'UTF8';
SET standard_conforming_strings = on;
SELECT pg_catalog.set_config('search_path', '', false);
SET check_function_bodies = false;
SET xmloption = content;
SET client_min_messages = warning;
SET row_security = off;

SET default_tablespace = '';

SET default_table_access_method = heap;

--
-- Name: account_user; Type: TABLE; Schema: public; Owner: neondb_owner
--

CREATE TABLE public.account_user (
    id bigint NOT NULL,
    password character varying(128) NOT NULL,
    last_login timestamp with time zone,
    is_superuser boolean NOT NULL,
    role character varying(20) NOT NULL,
    user_id character varying(20) NOT NULL,
    full_name character varying(222) NOT NULL,
    is_active boolean NOT NULL,
    is_staff boolean NOT NULL,
    gender character varying(10),
    date_of_birth date,
    nationality character varying(30)
);


ALTER TABLE public.account_user OWNER TO neondb_owner;

--
-- Name: account_user_groups; Type: TABLE; Schema: public; Owner: neondb_owner
--

CREATE TABLE public.account_user_groups (
    id bigint NOT NULL,
    user_id bigint NOT NULL,
    group_id integer NOT NULL
);


ALTER TABLE public.account_user_groups OWNER TO neondb_owner;

--
-- Name: account_user_groups_id_seq; Type: SEQUENCE; Schema: public; Owner: neondb_owner
--

ALTER TABLE public.account_user_groups ALTER COLUMN id ADD GENERATED BY DEFAULT AS IDENTITY (
    SEQUENCE NAME public.account_user_groups_id_seq
    START WITH 1
    INCREMENT BY 1
    NO MINVALUE
    NO MAXVALUE
    CACHE 1
);


--
-- Name: account_user_id_seq; Type: SEQUENCE; Schema: public; Owner: neondb_owner
--

ALTER TABLE public.account_user ALTER COLUMN id ADD GENERATED BY DEFAULT AS IDENTITY (
    SEQUENCE NAME public.account_user_id_seq
    START WITH 1
    INCREMENT BY 1
    NO MINVALUE
    NO MAXVALUE
    CACHE 1
);


--
-- Name: account_user_user_permissions; Type: TABLE; Schema: public; Owner: neondb_owner
--

CREATE TABLE public.account_user_user_permissions (
    id bigint NOT NULL,
    user_id bigint NOT NULL,
    permission_id integer NOT NULL
);


ALTER TABLE public.account_user_user_permissions OWNER TO neondb_owner;

--
-- Name: account_user_user_permissions_id_seq; Type: SEQUENCE; Schema: public; Owner: neondb_owner
--

ALTER TABLE public.account_user_user_permissions ALTER COLUMN id ADD GENERATED BY DEFAULT AS IDENTITY (
    SEQUENCE NAME public.account_user_user_permissions_id_seq
    START WITH 1
    INCREMENT BY 1
    NO MINVALUE
    NO MAXVALUE
    CACHE 1
);


--
-- Name: auth_group; Type: TABLE; Schema: public; Owner: neondb_owner
--

CREATE TABLE public.auth_group (
    id integer NOT NULL,
    name character varying(150) NOT NULL
);


ALTER TABLE public.auth_group OWNER TO neondb_owner;

--
-- Name: auth_group_id_seq; Type: SEQUENCE; Schema: public; Owner: neondb_owner
--

ALTER TABLE public.auth_group ALTER COLUMN id ADD GENERATED BY DEFAULT AS IDENTITY (
    SEQUENCE NAME public.auth_group_id_seq
    START WITH 1
    INCREMENT BY 1
    NO MINVALUE
    NO MAXVALUE
    CACHE 1
);


--
-- Name: auth_group_permissions; Type: TABLE; Schema: public; Owner: neondb_owner
--

CREATE TABLE public.auth_group_permissions (
    id bigint NOT NULL,
    group_id integer NOT NULL,
    permission_id integer NOT NULL
);


ALTER TABLE public.auth_group_permissions OWNER TO neondb_owner;

--
-- Name: auth_group_permissions_id_seq; Type: SEQUENCE; Schema: public; Owner: neondb_owner
--

ALTER TABLE public.auth_group_permissions ALTER COLUMN id ADD GENERATED BY DEFAULT AS IDENTITY (
    SEQUENCE NAME public.auth_group_permissions_id_seq
    START WITH 1
    INCREMENT BY 1
    NO MINVALUE
    NO MAXVALUE
    CACHE 1
);


--
-- Name: auth_permission; Type: TABLE; Schema: public; Owner: neondb_owner
--

CREATE TABLE public.auth_permission (
    id integer NOT NULL,
    name character varying(255) NOT NULL,
    content_type_id integer NOT NULL,
    codename character varying(100) NOT NULL
);


ALTER TABLE public.auth_permission OWNER TO neondb_owner;

--
-- Name: auth_permission_id_seq; Type: SEQUENCE; Schema: public; Owner: neondb_owner
--

ALTER TABLE public.auth_permission ALTER COLUMN id ADD GENERATED BY DEFAULT AS IDENTITY (
    SEQUENCE NAME public.auth_permission_id_seq
    START WITH 1
    INCREMENT BY 1
    NO MINVALUE
    NO MAXVALUE
    CACHE 1
);


--
-- Name: django_admin_log; Type: TABLE; Schema: public; Owner: neondb_owner
--

CREATE TABLE public.django_admin_log (
    id integer NOT NULL,
    action_time timestamp with time zone NOT NULL,
    object_id text,
    object_repr character varying(200) NOT NULL,
    action_flag smallint NOT NULL,
    change_message text NOT NULL,
    content_type_id integer,
    user_id bigint NOT NULL,
    CONSTRAINT django_admin_log_action_flag_check CHECK ((action_flag >= 0))
);


ALTER TABLE public.django_admin_log OWNER TO neondb_owner;

--
-- Name: django_admin_log_id_seq; Type: SEQUENCE; Schema: public; Owner: neondb_owner
--

ALTER TABLE public.django_admin_log ALTER COLUMN id ADD GENERATED BY DEFAULT AS IDENTITY (
    SEQUENCE NAME public.django_admin_log_id_seq
    START WITH 1
    INCREMENT BY 1
    NO MINVALUE
    NO MAXVALUE
    CACHE 1
);


--
-- Name: django_content_type; Type: TABLE; Schema: public; Owner: neondb_owner
--

CREATE TABLE public.django_content_type (
    id integer NOT NULL,
    app_label character varying(100) NOT NULL,
    model character varying(100) NOT NULL
);


ALTER TABLE public.django_content_type OWNER TO neondb_owner;

--
-- Name: django_content_type_id_seq; Type: SEQUENCE; Schema: public; Owner: neondb_owner
--

ALTER TABLE public.django_content_type ALTER COLUMN id ADD GENERATED BY DEFAULT AS IDENTITY (
    SEQUENCE NAME public.django_content_type_id_seq
    START WITH 1
    INCREMENT BY 1
    NO MINVALUE
    NO MAXVALUE
    CACHE 1
);


--
-- Name: django_migrations; Type: TABLE; Schema: public; Owner: neondb_owner
--

CREATE TABLE public.django_migrations (
    id bigint NOT NULL,
    app character varying(255) NOT NULL,
    name character varying(255) NOT NULL,
    applied timestamp with time zone NOT NULL
);


ALTER TABLE public.django_migrations OWNER TO neondb_owner;

--
-- Name: django_migrations_id_seq; Type: SEQUENCE; Schema: public; Owner: neondb_owner
--

ALTER TABLE public.django_migrations ALTER COLUMN id ADD GENERATED BY DEFAULT AS IDENTITY (
    SEQUENCE NAME public.django_migrations_id_seq
    START WITH 1
    INCREMENT BY 1
    NO MINVALUE
    NO MAXVALUE
    CACHE 1
);


--
-- Name: django_session; Type: TABLE; Schema: public; Owner: neondb_owner
--

CREATE TABLE public.django_session (
    session_key character varying(40) NOT NULL,
    session_data text NOT NULL,
    expire_date timestamp with time zone NOT NULL
);


ALTER TABLE public.django_session OWNER TO neondb_owner;

--
-- Name: familyfees_family; Type: TABLE; Schema: public; Owner: neondb_owner
--

CREATE TABLE public.familyfees_family (
    id bigint NOT NULL,
    name character varying(100) NOT NULL
);


ALTER TABLE public.familyfees_family OWNER TO neondb_owner;

--
-- Name: familyfees_family_id_seq; Type: SEQUENCE; Schema: public; Owner: neondb_owner
--

ALTER TABLE public.familyfees_family ALTER COLUMN id ADD GENERATED BY DEFAULT AS IDENTITY (
    SEQUENCE NAME public.familyfees_family_id_seq
    START WITH 1
    INCREMENT BY 1
    NO MINVALUE
    NO MAXVALUE
    CACHE 1
);


--
-- Name: familyfees_family_members; Type: TABLE; Schema: public; Owner: neondb_owner
--

CREATE TABLE public.familyfees_family_members (
    id bigint NOT NULL,
    family_id bigint NOT NULL,
    user_id bigint NOT NULL
);


ALTER TABLE public.familyfees_family_members OWNER TO neondb_owner;

--
-- Name: familyfees_family_members_id_seq; Type: SEQUENCE; Schema: public; Owner: neondb_owner
--

ALTER TABLE public.familyfees_family_members ALTER COLUMN id ADD GENERATED BY DEFAULT AS IDENTITY (
    SEQUENCE NAME public.familyfees_family_members_id_seq
    START WITH 1
    INCREMENT BY 1
    NO MINVALUE
    NO MAXVALUE
    CACHE 1
);


--
-- Name: familyfees_familyfeerecord; Type: TABLE; Schema: public; Owner: neondb_owner
--

CREATE TABLE public.familyfees_familyfeerecord (
    id bigint NOT NULL,
    amount_to_pay numeric(10,2) NOT NULL,
    amount_paid numeric(10,2) NOT NULL,
    balance numeric(10,2) NOT NULL,
    academic_year_id bigint NOT NULL,
    family_id bigint NOT NULL,
    term_id bigint NOT NULL,
    date_created timestamp with time zone NOT NULL,
    is_fully_paid boolean NOT NULL
);


ALTER TABLE public.familyfees_familyfeerecord OWNER TO neondb_owner;

--
-- Name: familyfees_familyfeerecord_id_seq; Type: SEQUENCE; Schema: public; Owner: neondb_owner
--

ALTER TABLE public.familyfees_familyfeerecord ALTER COLUMN id ADD GENERATED BY DEFAULT AS IDENTITY (
    SEQUENCE NAME public.familyfees_familyfeerecord_id_seq
    START WITH 1
    INCREMENT BY 1
    NO MINVALUE
    NO MAXVALUE
    CACHE 1
);


--
-- Name: familyfees_familypayment; Type: TABLE; Schema: public; Owner: neondb_owner
--

CREATE TABLE public.familyfees_familypayment (
    id bigint NOT NULL,
    date date NOT NULL,
    amount numeric(10,2) NOT NULL,
    payment_method character varying(50),
    family_fee_record_id bigint NOT NULL
);


ALTER TABLE public.familyfees_familypayment OWNER TO neondb_owner;

--
-- Name: familyfees_familypayment_id_seq; Type: SEQUENCE; Schema: public; Owner: neondb_owner
--

ALTER TABLE public.familyfees_familypayment ALTER COLUMN id ADD GENERATED BY DEFAULT AS IDENTITY (
    SEQUENCE NAME public.familyfees_familypayment_id_seq
    START WITH 1
    INCREMENT BY 1
    NO MINVALUE
    NO MAXVALUE
    CACHE 1
);


--
-- Name: fees_feestructure; Type: TABLE; Schema: public; Owner: neondb_owner
--

CREATE TABLE public.fees_feestructure (
    id bigint NOT NULL,
    amount numeric(10,2) NOT NULL,
    academic_year_id bigint NOT NULL,
    grade_class_id bigint NOT NULL,
    term_id bigint NOT NULL
);


ALTER TABLE public.fees_feestructure OWNER TO neondb_owner;

--
-- Name: fees_feestructure_id_seq; Type: SEQUENCE; Schema: public; Owner: neondb_owner
--

ALTER TABLE public.fees_feestructure ALTER COLUMN id ADD GENERATED BY DEFAULT AS IDENTITY (
    SEQUENCE NAME public.fees_feestructure_id_seq
    START WITH 1
    INCREMENT BY 1
    NO MINVALUE
    NO MAXVALUE
    CACHE 1
);


--
-- Name: fees_payment; Type: TABLE; Schema: public; Owner: neondb_owner
--

CREATE TABLE public.fees_payment (
    id bigint NOT NULL,
    date date NOT NULL,
    amount numeric(10,2) NOT NULL,
    payment_method character varying(50),
    student_fee_record_id bigint NOT NULL
);


ALTER TABLE public.fees_payment OWNER TO neondb_owner;

--
-- Name: fees_payment_id_seq; Type: SEQUENCE; Schema: public; Owner: neondb_owner
--

ALTER TABLE public.fees_payment ALTER COLUMN id ADD GENERATED BY DEFAULT AS IDENTITY (
    SEQUENCE NAME public.fees_payment_id_seq
    START WITH 1
    INCREMENT BY 1
    NO MINVALUE
    NO MAXVALUE
    CACHE 1
);


--
-- Name: fees_studentfeerecord; Type: TABLE; Schema: public; Owner: neondb_owner
--

CREATE TABLE public.fees_studentfeerecord (
    id bigint NOT NULL,
    amount_paid numeric(10,2) NOT NULL,
    balance numeric(10,2) NOT NULL,
    is_fully_paid boolean NOT NULL,
    fee_structure_id bigint NOT NULL,
    student_id bigint NOT NULL,
    date_created timestamp with time zone NOT NULL
);


ALTER TABLE public.fees_studentfeerecord OWNER TO neondb_owner;

--
-- Name: fees_studentfeerecord_id_seq; Type: SEQUENCE; Schema: public; Owner: neondb_owner
--

ALTER TABLE public.fees_studentfeerecord ALTER COLUMN id ADD GENERATED BY DEFAULT AS IDENTITY (
    SEQUENCE NAME public.fees_studentfeerecord_id_seq
    START WITH 1
    INCREMENT BY 1
    NO MINVALUE
    NO MAXVALUE
    CACHE 1
);


--
-- Name: principal_principalprofile; Type: TABLE; Schema: public; Owner: neondb_owner
--

CREATE TABLE public.principal_principalprofile (
    id bigint NOT NULL,
    user_id bigint NOT NULL
);


ALTER TABLE public.principal_principalprofile OWNER TO neondb_owner;

--
-- Name: principal_principalprofile_id_seq; Type: SEQUENCE; Schema: public; Owner: neondb_owner
--

ALTER TABLE public.principal_principalprofile ALTER COLUMN id ADD GENERATED BY DEFAULT AS IDENTITY (
    SEQUENCE NAME public.principal_principalprofile_id_seq
    START WITH 1
    INCREMENT BY 1
    NO MINVALUE
    NO MAXVALUE
    CACHE 1
);


--
-- Name: staff_staffprofile; Type: TABLE; Schema: public; Owner: neondb_owner
--

CREATE TABLE public.staff_staffprofile (
    id bigint NOT NULL,
    user_id bigint NOT NULL
);


ALTER TABLE public.staff_staffprofile OWNER TO neondb_owner;

--
-- Name: staff_staffprofile_id_seq; Type: SEQUENCE; Schema: public; Owner: neondb_owner
--

ALTER TABLE public.staff_staffprofile ALTER COLUMN id ADD GENERATED BY DEFAULT AS IDENTITY (
    SEQUENCE NAME public.staff_staffprofile_id_seq
    START WITH 1
    INCREMENT BY 1
    NO MINVALUE
    NO MAXVALUE
    CACHE 1
);


--
-- Name: student_academicyear; Type: TABLE; Schema: public; Owner: neondb_owner
--

CREATE TABLE public.student_academicyear (
    id bigint NOT NULL,
    name character varying(20) NOT NULL
);


ALTER TABLE public.student_academicyear OWNER TO neondb_owner;

--
-- Name: student_academicyear_id_seq; Type: SEQUENCE; Schema: public; Owner: neondb_owner
--

ALTER TABLE public.student_academicyear ALTER COLUMN id ADD GENERATED BY DEFAULT AS IDENTITY (
    SEQUENCE NAME public.student_academicyear_id_seq
    START WITH 1
    INCREMENT BY 1
    NO MINVALUE
    NO MAXVALUE
    CACHE 1
);


--
-- Name: student_gradeclass; Type: TABLE; Schema: public; Owner: neondb_owner
--

CREATE TABLE public.student_gradeclass (
    id bigint NOT NULL,
    name character varying(40) NOT NULL,
    staff_id bigint
);


ALTER TABLE public.student_gradeclass OWNER TO neondb_owner;

--
-- Name: student_gradeclass_id_seq; Type: SEQUENCE; Schema: public; Owner: neondb_owner
--

ALTER TABLE public.student_gradeclass ALTER COLUMN id ADD GENERATED BY DEFAULT AS IDENTITY (
    SEQUENCE NAME public.student_gradeclass_id_seq
    START WITH 1
    INCREMENT BY 1
    NO MINVALUE
    NO MAXVALUE
    CACHE 1
);


--
-- Name: student_studentprofile; Type: TABLE; Schema: public; Owner: neondb_owner
--

CREATE TABLE public.student_studentprofile (
    id bigint NOT NULL,
    last_school_attended character varying(255),
    class_seeking_admission_to character varying(20),
    is_immunized character varying(200),
    has_allergies character varying(10),
    allergic_foods character varying(300),
    has_peculiar_health_issues character varying(10),
    health_issues character varying(150),
    other_related_info text,
    name_of_father character varying(100),
    name_of_mother character varying(100),
    occupation_of_father character varying(100),
    occupation_of_mother character varying(100),
    nationality_of_father character varying(100),
    nationality_of_mother character varying(100),
    contact_of_father character varying(100),
    contact_of_mother character varying(100),
    house_number character varying(100),
    user_id bigint NOT NULL,
    current_class smallint NOT NULL,
    CONSTRAINT student_studentprofile_current_class_check CHECK ((current_class >= 0))
);


ALTER TABLE public.student_studentprofile OWNER TO neondb_owner;

--
-- Name: student_studentprofile_id_seq; Type: SEQUENCE; Schema: public; Owner: neondb_owner
--

ALTER TABLE public.student_studentprofile ALTER COLUMN id ADD GENERATED BY DEFAULT AS IDENTITY (
    SEQUENCE NAME public.student_studentprofile_id_seq
    START WITH 1
    INCREMENT BY 1
    NO MINVALUE
    NO MAXVALUE
    CACHE 1
);


--
-- Name: student_studentsubjectrecord; Type: TABLE; Schema: public; Owner: neondb_owner
--

CREATE TABLE public.student_studentsubjectrecord (
    id bigint NOT NULL,
    class_score double precision NOT NULL,
    exam_score double precision NOT NULL,
    total_score double precision,
    grade character varying(2),
    student_term_record_id bigint NOT NULL,
    subject_id bigint NOT NULL
);


ALTER TABLE public.student_studentsubjectrecord OWNER TO neondb_owner;

--
-- Name: student_studentsubjectrecord_id_seq; Type: SEQUENCE; Schema: public; Owner: neondb_owner
--

ALTER TABLE public.student_studentsubjectrecord ALTER COLUMN id ADD GENERATED BY DEFAULT AS IDENTITY (
    SEQUENCE NAME public.student_studentsubjectrecord_id_seq
    START WITH 1
    INCREMENT BY 1
    NO MINVALUE
    NO MAXVALUE
    CACHE 1
);


--
-- Name: student_studenttermrecord; Type: TABLE; Schema: public; Owner: neondb_owner
--

CREATE TABLE public.student_studenttermrecord (
    id bigint NOT NULL,
    attendance integer NOT NULL,
    comments text,
    grade_class_id bigint,
    student_id bigint NOT NULL,
    term_id bigint NOT NULL
);


ALTER TABLE public.student_studenttermrecord OWNER TO neondb_owner;

--
-- Name: student_studenttermrecord_id_seq; Type: SEQUENCE; Schema: public; Owner: neondb_owner
--

ALTER TABLE public.student_studenttermrecord ALTER COLUMN id ADD GENERATED BY DEFAULT AS IDENTITY (
    SEQUENCE NAME public.student_studenttermrecord_id_seq
    START WITH 1
    INCREMENT BY 1
    NO MINVALUE
    NO MAXVALUE
    CACHE 1
);


--
-- Name: student_subject; Type: TABLE; Schema: public; Owner: neondb_owner
--

CREATE TABLE public.student_subject (
    id bigint NOT NULL,
    name character varying(20) NOT NULL
);


ALTER TABLE public.student_subject OWNER TO neondb_owner;

--
-- Name: student_subject_id_seq; Type: SEQUENCE; Schema: public; Owner: neondb_owner
--

ALTER TABLE public.student_subject ALTER COLUMN id ADD GENERATED BY DEFAULT AS IDENTITY (
    SEQUENCE NAME public.student_subject_id_seq
    START WITH 1
    INCREMENT BY 1
    NO MINVALUE
    NO MAXVALUE
    CACHE 1
);


--
-- Name: student_term; Type: TABLE; Schema: public; Owner: neondb_owner
--

CREATE TABLE public.student_term (
    id bigint NOT NULL,
    name character varying(20) NOT NULL,
    academic_year_id bigint NOT NULL
);


ALTER TABLE public.student_term OWNER TO neondb_owner;

--
-- Name: student_term_id_seq; Type: SEQUENCE; Schema: public; Owner: neondb_owner
--

ALTER TABLE public.student_term ALTER COLUMN id ADD GENERATED BY DEFAULT AS IDENTITY (
    SEQUENCE NAME public.student_term_id_seq
    START WITH 1
    INCREMENT BY 1
    NO MINVALUE
    NO MAXVALUE
    CACHE 1
);


--
-- Data for Name: account_user; Type: TABLE DATA; Schema: public; Owner: neondb_owner
--

COPY public.account_user (id, password, last_login, is_superuser, role, user_id, full_name, is_active, is_staff, gender, date_of_birth, nationality) FROM stdin;
104	pbkdf2_sha256$870000$5peDmgubnQOyFUbvG2fqCb$+0bFsikaAS7BRPmkgG8NK8AdK9BOmgNLDSpiXmMI/ss=	\N	f	student	68602187	Daniel Adu Ampofo	t	f	male	2022-03-07	Ghanaian
83	pbkdf2_sha256$870000$gMjGBNfmZDmWP4QRhco3zz$7n4fW+cZCI+NeJrrW2fT0YOM2u3ky3E0FHlg9Vmy3c0=	\N	f	student	59856324	Rebecca Okyere	t	f	female	2022-11-25	Ghanaian
84	pbkdf2_sha256$870000$dScebF5LMQGweDdltOf2Gb$eqPR7BR/cYz0iHH0qK4z/JoVpnYrH6HW8ai/MNs79LY=	\N	f	student	21497750	Mikayla Yireh Adjei	t	f	female	2019-07-06	Ghanaian
86	pbkdf2_sha256$870000$mkVpvPjC7TCf4ZQYWOQ9H3$dllZC7nXUJyB5xSQv2GiibqcG1NgiyT1zyAZhtb6II8=	\N	f	student	88904184	Richiel Owusua Hammond	t	f	female	2016-10-30	Ghanaian
81	pbkdf2_sha256$870000$5wAfXqGGUwPMj3xXBttctS$ijqIXcynhvZtm7efo4Fpep3vibTVgyPh1XJM7Od8noA=	\N	f	student	12545130	Micheal Anakwah Kyei	t	f	male	2014-10-11	Ghanaian
71	pbkdf2_sha256$870000$S7PGbqzzTC1cuzmsbOXZu4$wSZSqL9y5ckdxch8YJPSdH0rf2Fe/i573Im8LEDMRSk=	\N	f	student	93970505	Christodia Tonette Boah	t	f	female	2023-04-24	Ghanaian
91	pbkdf2_sha256$870000$qE3dBbRNTuR9PFkjsoyW4s$fyPseYDvloUq63HSRWd16j0yQlDgQUuL+PqLfhdk+Z4=	\N	f	student	70076070	Petra Esinam Ahiable	t	f	female	2014-06-04	Ghanaian
92	pbkdf2_sha256$870000$ClYdCe4ejrlJEhyevHwshj$e5gh7WsauR2kwc1Z8fMLazWsm0/cRz9oUj/yx9j2HeQ=	\N	f	student	78468433	Emmanuel Mawuli Kwesi Ahiable	t	f	male	2017-12-24	Ghanaian
75	pbkdf2_sha256$870000$iUqGyMEya4rk7TPo9D38zj$zjVhfpdrci30zCE0POnkMbV5QyCLTriKAsWXmrqu+jQ=	\N	f	student	16238501	Emmanuel Kojo Yeboah Ampofo	t	f	male	2019-01-21	Ghanaian
93	pbkdf2_sha256$870000$k61vEJfRbV5iCF3RaHFL1L$B2/InCpcpdWtX/2BryUQBNY77eHa37+NRc74bmDvNBk=	\N	f	student	65994940	Elvis Saviour Kobina Mintah	t	f	male	2018-03-06	Ghanaian
77	pbkdf2_sha256$870000$yXn0yVEkYsg3OyFE4OUNmD$CPHJU/MiByc6VSJLS9ZxFCDNacLlhpZkj+b0lpREIy0=	\N	f	student	22466067	Jason Asare - Asiedu	t	f	male	2021-07-13	Ghanaian
95	pbkdf2_sha256$870000$GsQlRwwTHpbaW4msVpxOS9$NWxAA7gDf37sVWbONaU48VX56CJkjyPUDr1W6/a/Bx8=	\N	f	student	56413928	Meshack Ofosu	t	f	male	2019-02-03	Ghanaian
72	pbkdf2_sha256$870000$Z0lhAHCzMwdnlu1mBG4AOx$XPMf4VgCUcYWAxxq1S8ZIxGQRJHMja1PxVvkBvZRIJ4=	\N	f	student	75603798	Joel Kofi Biney	t	f	male	2023-04-21	Ghanaian
97	pbkdf2_sha256$870000$dD6d2UIDtiTPJuKdGlmQbv$SxjwCXNOfI90DpQ0o7JsgDD7zK6o+Vc2uLPuyXelOZU=	\N	f	student	29652788	Josephine Dadzie	t	f	female	2017-04-14	Ghanaian
80	pbkdf2_sha256$870000$hfORWZvHs4UVtMorVqW2CM$ooiizeI/68wV9TM+1yBcEFm80QR9NER28qcjcTJwPC8=	\N	f	student	65939149	Henry Amoasie	t	f	male	2020-08-14	Ghanaian
99	pbkdf2_sha256$870000$xFecmgaPc4O4aOomuauQ9j$hjlfWT+Vunf+njGXNnW2nQWM5n2blIj+FxSWdLlXAxY=	\N	f	student	27204156	Dorinda Abena N. A.	t	f	female	2021-10-26	Ghanaian
100	pbkdf2_sha256$870000$TVJaZRwnqfmG4304S2PYe7$LwxevKzMyFlBPtIPQMYxwe1nw8w+BUMnWKbfFwVqOzc=	\N	f	student	33303745	Jayden Amon Quaye	t	f	male	2020-04-29	Ghanaian
68	pbkdf2_sha256$870000$XRLAW8EKO2ZxLLYkfTUZwI$NcRaCfIosUvj2m9pbCqAepoStO2PqMIWikpZZeg6ImA=	\N	f	student	65417528	Homey Benedict Harrison	t	f	male	2022-08-09	Ghanaian
69	pbkdf2_sha256$870000$by1D9ll8FnYGayBMWJWcOO$YOrx+mpoGDUtulSGiYHHeqm+VBILGh36lNdJRNURaJw=	\N	f	student	76548760	Precious Mamle Fosu	t	f	female	2022-12-27	Ghanaian
70	pbkdf2_sha256$870000$FbN1nIifmbFyiM1V4bL0co$HdZOaTUvspMYkkN3uceiP426+pdvDnNnPOLHrCZnORQ=	\N	f	student	27000023	God's Brin Nimaffull	t	f	male	2022-05-10	Ghanaian
87	pbkdf2_sha256$870000$eZDMFPXrEKTyoWxwUu9HhF$tJBDN3E9JS27UYO/gWl0hgjtGzq9TpkqHKBjI1gcQDA=	\N	f	student	32973694	Goodluck Solomon Asherow	t	f	male	2016-11-17	Ghanaian
88	pbkdf2_sha256$870000$qRgoioiXwq8lTZJRUyu2CR$TZ1ZayqFPMWn4Cxmbz8yEzJHOoBuz1/5FtxqAH4yaoQ=	\N	f	student	61463267	Patrick K. Asare	t	f	male	2017-04-07	Ghanaian
89	pbkdf2_sha256$870000$8YYTiqOvpvTWAZ2cKItBdm$GM7Dq8spm2v3OS80as2Ivoj67tHtW18xhia+9bdMsCI=	\N	f	student	98568516	Kelvin Fiifi Sam	t	f	male	2015-07-17	Ghanaian
90	pbkdf2_sha256$870000$E0InPm03uwhUZcuVtG9Z1L$pP7mriuaRj+qSiHl61evd5EyC36ppCYsKQ9+QEQwj6U=	\N	f	student	11515012	Justice K. Amoanyi	t	f	male	2016-11-21	Ghanaian
66	pbkdf2_sha256$870000$zgeAZf6BkVXzUshQKLYJOh$9JdygGuNSh1UR/M8gy3Gsf5rwkZ9ByoDtl3F25/nMsI=	\N	f	student	12999451	Princella Nkansah	t	f	female	2022-10-18	Ghanaian
76	pbkdf2_sha256$870000$wyn4ngOwyxwnwkY0rCZ5LF$MyEdvzT/TLeOfMVMDN9evxOykh/ks1HLTtlL4Io2UKA=	\N	f	student	71553943	Nhyiraba Kwabena Arthur	t	f	male	2018-04-24	Ghanaian
102	pbkdf2_sha256$870000$kR4SnUdXKDXLYQqFGZKd2S$wCrTAQcdeerJxRtDT7rsH0Q7JFXhpSry/yI/CWiucsQ=	\N	f	student	38278777	Erica Appea-Apreku Owiredu	t	f	female	2019-02-28	Ghanaian
94	pbkdf2_sha256$870000$NGmpik5FceOrCNtzomxsn2$yK1im3KRfDCJc7CTi2RUOx7I0nfUNMzltcCK4cmUqhM=	\N	f	student	89636732	Eugene Paul Arhin Mintah	t	f	male	2016-07-13	Ghanaian
78	pbkdf2_sha256$870000$Ryw9SbiolWDa14E57adF16$fxY0LSKq0uMyMiG1vfaoXHdnlKMdELcSTavX3E0Kwmk=	\N	f	student	36604017	Hannah Agboba	t	f	female	2019-04-27	Ghanaian
79	pbkdf2_sha256$870000$kgV6upuK29rWalZZ55W5CI$ijhotKCXPQt5iFnpUo2LVuQ5Cb9sgFUgx0gvbW1gyn4=	\N	f	student	67625753	Emmanuella Quaicoe	t	f	female	2017-08-30	Ghanaian
85	pbkdf2_sha256$870000$C29IRhwwRrFJRLqiA4Alwd$SNkrohkCXay0VumwFPrGFvid4O+bxU342JV5qYtLFuA=	\N	f	student	36179901	Priscilla Mensah	t	f	female	2020-05-29	Ghanaian
82	pbkdf2_sha256$870000$pxvpDsQqLb2NZjLDCOZKWc$FWU/6q1nUyDxG/IRKNO8O1QrrC+4pRNQ6pTlrKrxigQ=	\N	f	student	29065687	Heward Nana Nkaso Sule	t	f	male	2022-08-23	Ghanaian
98	pbkdf2_sha256$870000$0dvlPAODlhOeQh4BEFEejh$vUdUd8PM4mWBYrsSrTHMe+Q3/ugGjvPpJ0cJmDPU4N0=	\N	f	staff	2222	madam test	t	f	\N	\N	\N
73	pbkdf2_sha256$870000$2KEOpiiHx2iNfEXK83d4zW$qjzEKwpxmOzc1ebD5n7le9M8jrGuTefYOCi80trQGp8=	\N	f	student	76908074	Cressida Nkunim Acquah	t	f	female	2019-03-27	Ghanaian
103	pbkdf2_sha256$870000$jkY1rWaZUPpGr7fbUxLcso$3JP41VwJoau3HgUK0Wy58Mg+aamAX0DEi2/s75j7YVE=	\N	f	student	38957100	Twerenyame Boakye Gyan Sekyere	t	f	male	2021-06-17	Ghanaian
101	pbkdf2_sha256$870000$p2ALwRBmT5H1eAPoFZ3yUf$mJwOw6LE9Fd6UKaa5HLnVyaTOa1ZFWMhL/pcf50MQxM=	\N	f	student	23712557	Ann Ofosu	t	f	female	2021-07-06	Ghanaian
96	pbkdf2_sha256$870000$Al4vorIiimkChVSFCZsobH$UnfpfJMXVlHRH5JPVoUMcQdbAwU6ahhRjwWIvjZcchM=	\N	f	student	16719311	Emmanuel Annan	t	f	male	2015-10-12	Ghanaian
74	pbkdf2_sha256$870000$zmiEJmPhnmONIFY5WpGco3$ankUb81VXFQ0mqh2gyTOmsfIHfoxWv3JvFLrOk1iO2A=	\N	f	student	67074936	Christabel Arthur	t	f	female	2019-03-12	Ghanaian
107	pbkdf2_sha256$870000$lzHn9WGrGqnOqMMWQTgghM$v39zb4NfJxuWIMXkOtjw/COSQE7lnI63MYM83Vwe4l4=	\N	f	student	47893305	Chief Amoanyi Quansah	t	f	male	2022-04-10	Ghanaian
129	pbkdf2_sha256$870000$spQTtYa5fxcJm3LotdIGlO$whMlsCsHzZCZ5+Xi0I5vRhuHQEWGYvLhpSeiuYXpnnE=	\N	f	student	51970332	Clara Nyamevor	t	f	female	2020-01-01	Ghanaian
130	pbkdf2_sha256$870000$yiW5pS4mfqq1cpPpR8w199$QAeduCPKgIRS7QvNCNax6xJsH1LedBLY+0pe/xsErmc=	\N	f	student	86267315	Elsa Adwoa Sem Dadzie	t	f	female	2020-07-05	Ghanaian
131	pbkdf2_sha256$870000$J95mS5UJfeLhssOJNhqd8L$iRPVY4Xb8edzDQ901a1Qe5Eo6ZHuooIGCKhcnFqh9IU=	\N	f	student	49063545	Nafiisah Salisu	t	f	female	2019-11-05	Ghanaian
132	pbkdf2_sha256$870000$XWB98yodM5f1gXIafCW2Ry$N337H0s/BvUgfB6/34JrIm+Wh06hWR4CsrvxTmCY0OI=	\N	f	student	92115772	Hamdallah Osman Pelpuo	t	f	male	2020-10-08	Ghanaian
134	pbkdf2_sha256$870000$rnUU08AgdkTlo4XzvN8HIa$rWW5NEX6WoaI5TPWPaqU6v/sMUdJw9pxg3XLPlAPvjY=	\N	f	student	79789274	Felix K. Asamoah	t	f	male	2000-02-02	Ghanaian
135	pbkdf2_sha256$870000$oFuiM4tAuU1lJp0MbuqMep$y9bjSr3LF9svl9WlQQtfWDoFKXNNHMffi2DrbKmUju8=	\N	f	student	68404435	Shantel Akosua Boakye Nyamekye	t	f	female	2000-02-02	\N
106	pbkdf2_sha256$870000$rudwb23VXHGxjU5omZ2stF$bPQLctLT4A9jwqNoHUVpKtyXYMCDF+YlQhPMBo+6ieg=	\N	f	student	53792804	Fred Nhyiraba Obeng	t	f	male	2020-01-09	Ghanaian
108	pbkdf2_sha256$870000$kJR2BqnkpSOerdEWAfWqCF$XzT97ogM2ULdFwXba7Rj0makEyeN8mWs5wsHCnDOAew=	\N	f	student	51461687	Gabriel Anti Dadzie	t	f	male	2021-09-20	Ghanaian
109	pbkdf2_sha256$870000$aDxjNQ43QmddlEWopS5mYz$+uTzjE5KRF/2lv7R6+TDhfhd6Gs/k5y+OXGS9RdaGqM=	\N	f	student	31240884	Mildred Illyn Appah-Kum	t	f	female	2021-08-06	Ghanaian
112	pbkdf2_sha256$870000$ADqyShjUrTfq3h1Kdly5bv$rsYyFjF7ywEqO8cxwd8xAwnWtrDWWByxz5UNM+FiSJc=	\N	f	student	82496511	Christabel Arkoh	t	f	female	2019-11-16	Ghanaian
140	pbkdf2_sha256$870000$thnOflModfPszja9fu8VrK$hnZdvdYleO49S8ZEpKB5S3PucNibyL7iHgt3qZWq9Q0=	\N	f	student	84961234	Wisdom Donkoh	t	f	male	2000-02-02	\N
117	pbkdf2_sha256$870000$Fryyd3aZAMi4FFct2G6L7r$wP3LUtCrkWN+fhpeeFPG4+RTHzqx7gPCOt0HCrk60AU=	\N	f	student	75855510	Perpetual Koomson	t	f	male	2018-05-11	Ghanaian
118	pbkdf2_sha256$870000$UzFtBQ0K2qbKZqluoJ5GDI$AGbbqSW8qnQ/Qtj22DZv5oASUId+BC6S9zy+TFzJ08g=	\N	f	student	91501240	Lawrence Amaning	t	f	male	2015-03-25	Ghanaian
119	pbkdf2_sha256$870000$CVOGqB9hArTF89iGOPzW6G$hX3yz6mUteKR1+Ulx7MHkVht1/WUxu12QhSJyKyO88k=	\N	f	student	30138138	Getrude Asare Acquah	t	f	female	2017-12-16	Ghanaian
122	pbkdf2_sha256$870000$tVuPKIf2f2LV29ikzRRInI$qav3S4LB3ad2K4eA2U1DIhXb7GVIzUbAqCE0cael+jU=	\N	f	student	18866059	Christiana Sam	t	f	female	2018-03-11	Ghanaian
123	pbkdf2_sha256$870000$kg00PFW9kcRCIVUoJNm1nR$A3F0QS0DC2He1+SCiUG0CwhvnZ8+Hr9MVIn98GCbQTQ=	\N	f	student	66283782	De - Clerk Abban	t	f	male	2018-12-18	Ghanaian
1	pbkdf2_sha256$870000$N9XmBu6n5SaUGzgSsbMJ8K$d8FkepHLiJNmV2cxA8w0MhLNZD1c84MxbYkX0ai1KAI=	2025-11-11 12:39:36.234648+00	t	staff	1111		t	t	\N	\N	\N
142	pbkdf2_sha256$870000$gQd61kLFAUkJHb2wQ7w0Dz$1px/GP0w59lypYsMEwguupCfOFkRvw7ZYmVWVlb46xg=	\N	f	student	33967805	Obrengpong Adriel	t	f	male	2000-02-02	\N
113	pbkdf2_sha256$870000$LQvbfU4NHfpgpOJ1ppqjtP$RcvZj0UU+VWV02zPhFK/eZAnPC+LMTHgNeS1cSEm2fU=	\N	f	student	31760248	Neriah Nana Efya Bassoah	t	f	female	2022-05-06	Ghanaian
124	pbkdf2_sha256$870000$eMX1FMRHNQhMPlqXeNjndS$Zk4PCg6EgupLSJhhT4EJ1K+KfzOaO2sCT7vZJQWXoRg=	\N	f	student	25463615	Elvis F. Bruno	t	f	male	2018-01-18	Ghanaian
125	pbkdf2_sha256$870000$tqiP1Tb5O3zw77MdyevOq8$8K9sqs6xCWxqvKNBc3WnGNHXAUpxSmCAie0IEkF5qNg=	\N	f	student	59386215	Mariam Maame Yaba Bruno	t	f	male	2017-09-30	Ghanaian
126	pbkdf2_sha256$870000$ElPWlqINUtXQQwPSIbsv2D$zCCclMFfZo0YMXiIX1e1NKxyHwZsmXXbmo6n5BzIa+c=	\N	f	student	63117553	Frank Anno Bruno	t	f	male	2022-12-17	Ghanaian
127	pbkdf2_sha256$870000$pIANUF6bEtpKlOHZoEknp5$sNbvyX2ri2/uQtcPvujBebUeAYBEyue1ZCekN5qwaYQ=	\N	f	student	29786967	Lydia Nana Esi Ayim	t	f	female	2016-06-19	Ghanaian
128	pbkdf2_sha256$870000$JjIKdcaaOJLCNiVu3ZmNOj$Ygnttm9tDjVQnQVGEBG6dryhEsR5Akc+QBm4krRanH4=	\N	f	student	38028012	Ekua Affoa	t	f	female	2022-10-05	Ghanaian
110	pbkdf2_sha256$870000$qippqthQmU9KKyCpYcYKbt$CqcMfV5FOPFYbbC/dSFMODGef5OI3nP4txEL5i9pEY0=	\N	f	student	76716537	Maame Esi Ansekua Amoaku	t	f	female	2023-04-09	Ghanaian
114	pbkdf2_sha256$870000$IurziiFbW5kVd1pjWSIskP$Pw5R9aMy4CRwdYM5hiRDKr+KL0mgUtKKOL/FqvMyLqk=	\N	f	student	20660996	Michealina Ganyo	t	f	female	2017-03-03	Ghanaian
115	pbkdf2_sha256$870000$EFR6sT8ucK0M6DR3dKCQx0$p4T0UjWkzR7CM40sFfXKFYjek1L6TQSC+/9WZ69thqM=	\N	f	student	98214342	Erica Ganyo	t	f	female	2022-04-12	Ghanaian
116	pbkdf2_sha256$870000$c83AlWLtpeMcbQ70Q421OA$R7BHFa0dTnlK3lDZX9lm3l2w4uo5a08bmULb0IUnOoI=	\N	f	student	67528788	Dennis Marfo	t	f	male	2015-08-23	Ghanaian
120	pbkdf2_sha256$870000$KZWMtChFAND4b1YVj5Ltih$okadzCeINCUQpDrF8IDq+bcTyXgk3GexkxRQt7h1G4I=	\N	f	student	89201899	Ansah Blessing	t	f	female	2018-01-08	Ghanaian
121	pbkdf2_sha256$870000$sMqOPmRNXQQ5WkXIndFTcy$yeVSAqVmSNUZ8wBCKRb5JnfVQUFUiFgOP1P7UublSlQ=	\N	f	student	73172758	Aseda sekyere Afful	t	f	female	2018-07-29	Ghanaian
111	pbkdf2_sha256$870000$V2GzY9HYjYbamJTlwZvTfX$9q3I20zzNaoLKcs6K2hLAHM12C16OzGkPtT6YFtNLmM=	\N	f	student	14645490	Prince Ganyo	t	f	male	2019-11-23	Ghanaian
105	pbkdf2_sha256$870000$6q9ymwjy18VI4ATtoSElKQ$vsdQLePhnPOKF5kfqLP3ijyovHt66wQEnNrV/ivuEFc=	\N	f	student	33481164	Juliana Opamfowa Sam Arthur	t	f	female	2021-08-22	Ghanaian
143	pbkdf2_sha256$870000$qrsNn87uYK43poCEAPv0Ba$R1od5UrIcAlR/lYhDyh4opX0BrkO5UreQHTS3Va4yhY=	\N	f	student	82746298	Samuel Dickson Arthur	t	f	male	2000-02-02	\N
136	pbkdf2_sha256$870000$qKviG48fj3lobfqAsAMuBs$UU/EeyaHov/nytgi66c7y3eHZVOAe4yeZsjhyp+yDUk=	\N	f	student	58892894	Ekua Ofori Boahene	t	f	female	2000-02-02	\N
137	pbkdf2_sha256$870000$PPC4II4E1rAgxMIIR8vnkM$uN5k9MRUhQHJITVnZ5vI4CRsdkvW/dXW4ID2F4a73GQ=	\N	f	student	21989648	Prince Obuakoh Okyere	t	f	male	2000-02-02	\N
138	pbkdf2_sha256$870000$ciBNIRLJDsTJ7M20DvWtCq$5996qqF7Amp6Pyk5QWbUuDieSmQE/Kmt6xJM4asxiz4=	\N	f	student	38263642	Juliet Biney	t	f	female	2000-02-02	\N
139	pbkdf2_sha256$870000$2JKDfR2yRXj3pLhedMxdFh$wFBXXd0RQvA+gYuyyAhtXsLRgJZhg1Bvo0fApK8QiPA=	\N	f	student	38640765	Naah Shelly Tetteh	t	f	female	2000-02-02	\N
141	pbkdf2_sha256$870000$uxyXHUKdnBRc4iBLwXAJjo$vXL/+sxplHU+ZxHfbS6egPH2UKflxnPfZt6WsXxssNY=	\N	f	student	82081092	Raynard Donkoh	t	f	male	2000-02-02	\N
167	pbkdf2_sha256$870000$IuweyuHwiztAjh85961zlf$3J0rbsREfHIif2kMNM/23rx+yE2QYggBCEqqVzV6CYI=	\N	f	student	38131714	Theresah Agyrey	t	f	female	2020-09-10	Ghanaian
173	pbkdf2_sha256$870000$PU0m95D5wqUtdVKp3Nybk2$PuMhIpAc05wYs47TE7/NjTgtcdPmdQdrF5oxNcinMLY=	\N	f	student	51067134	Dora Asamoah Larbi	t	f	female	2021-11-24	Ghanaian
175	pbkdf2_sha256$870000$uIfGUtYm6dlC9ZAITsQQdP$o/I4aOzOPeJv3q9SKZmJl4puCTTTljpbPl/l8IkI4gI=	\N	f	student	30169650	Caleb Adjei Mensah	t	f	male	2024-09-02	Ghanaian
147	pbkdf2_sha256$870000$cosxk4db0lTHoByhNWptJq$pvs4M2phaJ0PMk8sHTqwGBNkhXGJiNRDqamtICDiJFk=	\N	f	student	40547698	Moses Dadzie	t	f	male	2000-02-02	Ghanaian
150	pbkdf2_sha256$870000$MS3SJ1LuzSvEtTTau4deei$6DXkdsfULoqhzMGK6ycbaVsbKujrURMIYtlPD6XpZt0=	\N	f	student	21613310	Reginald Addo	t	f	male	2021-04-08	Ghanaian
154	pbkdf2_sha256$870000$CsgPOppm3GEyKG1whI2N1Q$zqMmZEdgfoQbsNLIWajQGmvbMcjESPv4YIF0OMrJbLw=	\N	f	student	74856870	Randy Otoo	t	f	male	2018-11-04	Ghanaian
172	pbkdf2_sha256$870000$ZP14ivCUIjYxe3v4bxIBeo$VEDOBu3n0NNTxx2UwVD7K9URSC7JbBr6d9VeVitEz1Q=	\N	f	student	87046534	Elizabeth Asamoah Larbi	t	f	female	2015-07-22	Ghanaian
152	pbkdf2_sha256$870000$FRBs8yRUI6RlaV7muadC1E$um5R4VkSv/W3py5MsPmD6ekPbmba9PjZT2VqcHzydkc=	\N	f	student	32738444	Mercy Otabil	t	f	female	2019-11-19	Ghanaian
174	pbkdf2_sha256$870000$j13n5d5QeQqxsx4ozmVcoC$dgnNu3uw8zAUooqa67gegePh46wUTIMfXJM7cPPavvo=	\N	f	student	67416372	Emmanuel Asamoah Larbi	t	f	male	2017-09-11	Ghanaian
170	pbkdf2_sha256$870000$E5jxG62RbCg1gj8zK3U4xQ$uyU91RQwy2w3XA++XZXbuhJh0pNXAPBcDfLlxU5dVlI=	\N	f	student	50389954	George Yeboah	t	f	male	2015-12-25	Ghanaian
160	pbkdf2_sha256$870000$sVnIAijL3nZH0JjtSHI1Jt$6wsg2MTjwMorqyR/pbj0QfGB0OlQ/JamfKbanL+mHzU=	\N	f	student	45166366	Nkumin Aheawa Odoom	t	f	male	2019-06-28	Ghanaian
146	pbkdf2_sha256$870000$wDnHOnlQQFD36wMlNctsfe$C2OynLrQsBAbxNFSFya3xufHRR/XOSzmX0bJvMhYoKM=	\N	f	student	97282321	Nana Kojo Prah Mensah	t	f	male	2020-03-09	nan
145	pbkdf2_sha256$870000$VXucZrwCvxF5Uv42fDXjyu$0G0e2LwBqX/Ey92WErBCCEfqlm8BgoThVZA+cm7rdSM=	\N	f	student	30354735	Annabelle Esaawa Mensah	t	f	female	2017-09-05	Ghanaian
161	pbkdf2_sha256$870000$uLGlUqk74dAJk0JaNZcb8u$1lqxXeyoTapyUigQlRQ/MBt97H640heCkhPpkflNfzQ=	\N	f	student	92469106	Ansah Kwesi	t	f	male	2016-07-30	Ghanaian
162	pbkdf2_sha256$870000$7mvJ1CV2byziRqIF96DuIJ$m5rjn+9t7EP6vT2hiflzEFgJfd5AXhK1xE/iiJ0pDBI=	\N	f	student	24730372	Bohyeba Aboagye Odoom	t	f	male	2016-09-04	Ghanaian
158	pbkdf2_sha256$870000$PYQOEokcWx7Ar5DVrbcSMW$R9gQix/+Jqddq+0KgeeSVQzSfb48s5axDcr+TeM/cCQ=	\N	f	student	16217683	Donatella A. Amankwanor	t	f	female	2021-04-09	Ghanaian
165	pbkdf2_sha256$870000$uJL3JzXpzK0XaRTglUQpwe$EK7bBubf+GyYUSRLqsNapVQdPI/Dcv5i1HYdn04JX1c=	\N	f	student	37643579	Emmanuella Asherow	t	f	female	2021-02-11	Ghanaian
183	pbkdf2_sha256$870000$uy9uzUNIsux07PSsHw76zy$aqcmZI7D8OE5kZzCdO6MXakPQGFBr8m9lr8jdnhLYIA=	\N	f	student	15745229	Albert Aidoo	t	f	\N	\N	\N
149	pbkdf2_sha256$870000$l513Dqn8XIAWsRHaAZiCZb$cdo7UeneLBq50r4iXCyLoCtwA6vttBo8orxdSlyI+rw=	\N	f	student	93429514	Elvis Anobil	t	f	male	2017-10-17	\N
171	pbkdf2_sha256$870000$vliX2C8leWTRHucUJLMq0S$KnztfoTehMEKGBQjQdbM48yVo8vumR8W5UHROh3X3e8=	\N	f	student	41801738	Julia Yeboah	t	f	female	2000-02-02	Ghanaian
151	pbkdf2_sha256$870000$qtgCydIIKROV9ZLl9Pmemw$f6weEK+260mZEBnD4UiPjrRv2MF7EUxI62YGJSvWhXw=	\N	f	student	81380405	Theodore Addo	t	f	male	2019-05-09	Ghanaian
179	pbkdf2_sha256$870000$sG7xpx5afJDkyl5zrkcIzK$LGCSVWnN7vYl9xWj9l5Bzq5CYJM3vq818/y5lA+i8Yo=	\N	f	student	15571803	Comfort Adu-Yeboah	t	f	female	2017-02-10	Ghanaian
181	pbkdf2_sha256$870000$6X5wxOBLk5uOs0H07cXzKO$SDHfgSo0nacoGO/4RW3lp3+/5sF2Bq5kFcqC4zYEEjM=	\N	f	student	30417906	Blessing Offei	t	f	female	2002-03-12	Ghanaian
184	pbkdf2_sha256$870000$2s3783hewiWszeAiKiaiB6$vVfezq/4Al+EKnQuntVR91qQYsXH8XdZe7RtbKjvVyQ=	\N	f	student	29499694	phil thomson	t	f	male	2002-02-02	Ghanaian
177	pbkdf2_sha256$870000$JGf5yyrrVKQAwjxYxBIii3$YUkhM2NElClzqfOZ5YNXNJMVY/J2iRTOqjVUnUcn/nQ=	\N	f	student	24094659	Mary Andoh	t	f	female	2022-03-12	Ghanaian
185	pbkdf2_sha256$870000$JmQdYYMgD7P4Ort13hoFkE$RFJvSB3MuwwvPipxSW6J3WosjyNYwn/SxwVXRpzqohE=	\N	f	student	47982922	Nyame Adu Kontor	t	f	female	2018-07-28	Ghanaian
166	pbkdf2_sha256$870000$NvO29tR7uCkfqJt1gPLZCK$5dGJ9NKyMH3wKcoMcahPXiigQRQoiqw5SUjj6/TgI9U=	\N	f	student	48933969	Kingsley Asare Acquah	t	f	male	2013-04-08	Ghanaian
182	pbkdf2_sha256$870000$zaRFUCui55rZeaddnXFBLP$BtI1gV1/Ef/+xmNXgtDNIFDveFRE+JF1g8XsJGtI4Zs=	\N	f	student	53450245	EMMA AIDOO	t	f	\N	\N	\N
144	pbkdf2_sha256$870000$aqx0kfDnj4ak2wZ3ZRYFtK$xOSTs83yRW+LxPAuack1Vd18yWSv1RaUIH7i8lURS78=	\N	f	student	61802744	Henry Adamtey	t	f	male	2000-02-02	\N
169	pbkdf2_sha256$870000$LsLiiEixyeRRrHDQ7AaOEz$+ueCan4QnypsmadX+mxfwcFImWwJtLDYeIik0+mATlM=	\N	f	student	89762505	Mildred Arkoh	t	f	female	2000-02-02	Ghanaian
159	pbkdf2_sha256$870000$6eGGzFN6Z6BvQ4Z3tGSYiS$E+YEBSRAMSmfNXhyvrt+I9nHuc4/tBSPft1kYo4KnQA=	\N	f	student	22508299	Clara Yeboah	t	f	female	2017-01-03	Ghanaian
164	pbkdf2_sha256$870000$7TbnWpPx4x8Jvzy76weS00$McbChQH7U7B6n9qEgHgQ6Re3lGNB2diMMe+LwlBwQ1I=	\N	f	student	46609711	Kofi Sika-pa Boateng	t	f	male	2021-06-04	Ghanaian
180	pbkdf2_sha256$870000$nwBctc20RxysQL8bUl5tBB$7rAKZM/rGDYXqFwZyHWR5brKrF7srGjweUriOA+O/VM=	\N	f	student	55704577	Nyamekye Adu Kontor	t	f	female	2018-07-28	Ghanaian
156	pbkdf2_sha256$870000$t5hAexilON1HRP4cqr1cIp$RTPUU/A10sKuwH943SZbKNapYgCRsxNduUqj1QaxG78=	\N	f	student	39449237	Joycelyn N. Amankwanor	t	f	female	2016-04-07	Ghanaian
155	pbkdf2_sha256$870000$Hn0nrP6KETECOasKEchM1z$WgJiVC6FU5LJA/iMGcsL2s3oRcA9asR4pzOsP+HJEzc=	\N	f	student	33089681	Samuel Arthur	t	f	male	2019-02-22	Ghanaian
153	pbkdf2_sha256$870000$2QDmz4WTGPdc4qTUPkktJD$tvnRxIMBGJQpG/FaQepVo9pDZ8H5UjsnhPhJChdA9O0=	\N	f	student	47179622	Acquah Princess	t	f	female	2017-06-12	Ghanaian
163	pbkdf2_sha256$870000$022PjDyOWqetsl1drLmZNt$qXOJkBNwyTNJ0RpxfUvd0kmHmMNyr18lPoeXXvDKZ+8=	\N	f	student	83835480	Estherline Ansah	t	f	female	2023-02-11	Ghanaian
148	pbkdf2_sha256$870000$KVRXQcqIMBPqw6IzTAPQQP$T/pG9lSlVByBgY/khI4RVtWUAAHesf4jRDXPG1kWxYc=	\N	f	student	17732644	Naadom Yeboah	t	f	female	2000-02-02	Ghanaian
168	pbkdf2_sha256$870000$JyPj7uOn1kxXr7Uk8HUxqc$0exU3p+QQ19DvRO5Sq2CTSV/2q+Dwh70e6hsRYIEk2g=	\N	f	student	55049406	Edward Mintah	t	f	male	2000-02-02	Ghanaian
186	pbkdf2_sha256$870000$rMCX7UpseJ3IlGWnRdo38I$DbEIkIUoeY3Eo2V2T2J3+YT85fmncQJZiRg5ieeNDAA=	\N	f	student	88467488	Anabel Mensah	t	f	female	2000-02-02	\N
187	pbkdf2_sha256$870000$DYiKeslTvnTKgvG017qRCY$vRVwpotzmgQYmPpq4bmVNl0cSRIKdVjmhdOR8RSS2Go=	\N	f	student	77994608	Kojo Prah	t	f	male	2000-02-02	\N
188	pbkdf2_sha256$870000$OoNTeGUkqRBI84JUna2PMa$1lAQdEs31gxtYWOi6/8Z5xga5R8bP0oOGQTu7nIQiaA=	\N	f	student	90699789	NaT	t	f	NaT	\N	NaT
178	pbkdf2_sha256$870000$9XzZAMsjAeFPyShyPeWzfn$6ZHZ3uQLB18mqQDwEttWcsKYlqbCYpZjya1oNZW+dXM=	\N	f	student	27775392	Aseda Essandoah	t	f	female	2022-10-12	Ghanaian
176	pbkdf2_sha256$870000$Man1Zk6Y7UZdaACDdpRyWZ$h8Z8ltHgDmBJhvK9TiQd5SprRmxe4qefdF93+12NdLo=	\N	f	student	36390781	Kenzel Opare Addo	t	f	male	2023-07-24	Ghanaian
190	pbkdf2_sha256$870000$3oXUmbaOypS1BJzbCHUBeZ$x32XxN8vvD1/w9FDHdn+8YfuUcedBEBWsABJGIW0nvo=	\N	f	staff	5090	staff2	t	f	male	\N	\N
189	pbkdf2_sha256$870000$4RYqTBxlhxFDalQl7YGURj$S35okgxnCw9subkWBiPItrxjRU1zpj20MBMnB0ExamY=	\N	f	student	34249421	king kong	t	f	male	\N	\N
191	pbkdf2_sha256$870000$9iUWhWVtcpnK9mTJ2M61Ib$vyj5/RNo6uGrLbvxc1ivsZlD50vL0svDDNVUMDm8JEM=	\N	f	student	14547712	Cailo	t	f	male	2002-02-02	\N
192	pbkdf2_sha256$870000$bmbZdfqNeGxy5fbt3G4erj$y6Guckio359p1pBU+vAHyhin6MMoCBPXE501VOf3hl0=	\N	f	student	61985282	Florence Osam Bentil	t	f	female	2002-02-02	Ghanaian
193	pbkdf2_sha256$870000$X6Kxf43Mxxqzm60IQs2rDw$8YHfE2ZsSs4MrU727NH7f4CWjd2dNExdGHTuABZSMLA=	\N	f	student	123	kelvin Nyarko	t	f	male	\N	Ghanaian
194	pbkdf2_sha256$870000$cTUfObFh11po4iGWx2jwMB$vBLANUQq7LQ19nbVHnYqinbSnEyoe89OFFDIiELZ+7E=	\N	f	student	123123	Kojo Appianing	t	f	male	\N	\N
\.


--
-- Data for Name: account_user_groups; Type: TABLE DATA; Schema: public; Owner: neondb_owner
--

COPY public.account_user_groups (id, user_id, group_id) FROM stdin;
\.


--
-- Data for Name: account_user_user_permissions; Type: TABLE DATA; Schema: public; Owner: neondb_owner
--

COPY public.account_user_user_permissions (id, user_id, permission_id) FROM stdin;
\.


--
-- Data for Name: auth_group; Type: TABLE DATA; Schema: public; Owner: neondb_owner
--

COPY public.auth_group (id, name) FROM stdin;
\.


--
-- Data for Name: auth_group_permissions; Type: TABLE DATA; Schema: public; Owner: neondb_owner
--

COPY public.auth_group_permissions (id, group_id, permission_id) FROM stdin;
\.


--
-- Data for Name: auth_permission; Type: TABLE DATA; Schema: public; Owner: neondb_owner
--

COPY public.auth_permission (id, name, content_type_id, codename) FROM stdin;
1	Can add log entry	1	add_logentry
2	Can change log entry	1	change_logentry
3	Can delete log entry	1	delete_logentry
4	Can view log entry	1	view_logentry
5	Can add permission	2	add_permission
6	Can change permission	2	change_permission
7	Can delete permission	2	delete_permission
8	Can view permission	2	view_permission
9	Can add group	3	add_group
10	Can change group	3	change_group
11	Can delete group	3	delete_group
12	Can view group	3	view_group
13	Can add content type	4	add_contenttype
14	Can change content type	4	change_contenttype
15	Can delete content type	4	delete_contenttype
16	Can view content type	4	view_contenttype
17	Can add session	5	add_session
18	Can change session	5	change_session
19	Can delete session	5	delete_session
20	Can view session	5	view_session
21	Can add user	6	add_user
22	Can change user	6	change_user
23	Can delete user	6	delete_user
24	Can view user	6	view_user
25	Can add academic year	7	add_academicyear
26	Can change academic year	7	change_academicyear
27	Can delete academic year	7	delete_academicyear
28	Can view academic year	7	view_academicyear
29	Can add subject	8	add_subject
30	Can change subject	8	change_subject
31	Can delete subject	8	delete_subject
32	Can view subject	8	view_subject
33	Can add Class	9	add_gradeclass
34	Can change Class	9	change_gradeclass
35	Can delete Class	9	delete_gradeclass
36	Can view Class	9	view_gradeclass
37	Can add student profile	10	add_studentprofile
38	Can change student profile	10	change_studentprofile
39	Can delete student profile	10	delete_studentprofile
40	Can view student profile	10	view_studentprofile
41	Can add student term record	11	add_studenttermrecord
42	Can change student term record	11	change_studenttermrecord
43	Can delete student term record	11	delete_studenttermrecord
44	Can view student term record	11	view_studenttermrecord
45	Can add student subject record	12	add_studentsubjectrecord
46	Can change student subject record	12	change_studentsubjectrecord
47	Can delete student subject record	12	delete_studentsubjectrecord
48	Can view student subject record	12	view_studentsubjectrecord
49	Can add term	13	add_term
50	Can change term	13	change_term
51	Can delete term	13	delete_term
52	Can view term	13	view_term
53	Can add staff profile	14	add_staffprofile
54	Can change staff profile	14	change_staffprofile
55	Can delete staff profile	14	delete_staffprofile
56	Can view staff profile	14	view_staffprofile
57	Can add principal profile	15	add_principalprofile
58	Can change principal profile	15	change_principalprofile
59	Can delete principal profile	15	delete_principalprofile
60	Can view principal profile	15	view_principalprofile
61	Can add Fee Structure	16	add_feestructure
62	Can change Fee Structure	16	change_feestructure
63	Can delete Fee Structure	16	delete_feestructure
64	Can view Fee Structure	16	view_feestructure
65	Can add Student Fee Record	17	add_studentfeerecord
66	Can change Student Fee Record	17	change_studentfeerecord
67	Can delete Student Fee Record	17	delete_studentfeerecord
68	Can view Student Fee Record	17	view_studentfeerecord
69	Can add Payment	18	add_payment
70	Can change Payment	18	change_payment
71	Can delete Payment	18	delete_payment
72	Can view Payment	18	view_payment
73	Can add family	19	add_family
74	Can change family	19	change_family
75	Can delete family	19	delete_family
76	Can view family	19	view_family
77	Can add family fee record	20	add_familyfeerecord
78	Can change family fee record	20	change_familyfeerecord
79	Can delete family fee record	20	delete_familyfeerecord
80	Can view family fee record	20	view_familyfeerecord
81	Can add Family Payment	21	add_familypayment
82	Can change Family Payment	21	change_familypayment
83	Can delete Family Payment	21	delete_familypayment
84	Can view Family Payment	21	view_familypayment
\.


--
-- Data for Name: django_admin_log; Type: TABLE DATA; Schema: public; Owner: neondb_owner
--

COPY public.django_admin_log (id, action_time, object_id, object_repr, action_flag, change_message, content_type_id, user_id) FROM stdin;
1	2025-10-13 03:02:48.167613+00	98	madam test (staff) (2222)	1	[{"added": {}}]	6	1
2	2025-10-13 03:03:31.815466+00	1	2025/2026	1	[{"added": {}}]	7	1
3	2025-10-13 03:04:27.006393+00	1	creche	1	[{"added": {}}]	9	1
4	2025-10-13 03:05:15.981415+00	1	1st Term - (2025/2026)	1	[{"added": {}}]	13	1
5	2025-10-13 03:06:16.010379+00	1	Princella Nkansah - creche - 1st Term - (2025/2026)	1	[{"added": {}}]	11	1
6	2025-10-13 03:06:53.87052+00	1	creche - 1st Term - (2025/2026)  ΓÇö 300 GHS	1	[{"added": {}}]	16	1
7	2025-10-13 03:07:38.625411+00	1	Princella Nkansah - 100 GHS	1	[{"added": {}}]	18	1
8	2025-10-13 03:08:25.358552+00	1	creche - 1st Term - (2025/2026)  ΓÇö 300.00 GHS	3		16	1
9	2025-10-13 03:10:08.219173+00	65	Princella Nkansah	2	[{"changed": {"fields": ["Class seeking admission to", "Contact of father"]}}]	10	1
10	2025-10-13 06:28:29.092382+00	2	creche - 1st Term - (2025/2026)  ΓÇö 380 GHS	1	[{"added": {}}]	16	1
11	2025-10-13 06:29:20.094031+00	2	creche - 1st Term - (2025/2026)  ΓÇö 380.00 GHS	3		16	1
12	2025-10-13 06:29:58.572229+00	1	Princella Nkansah - creche - 1st Term - (2025/2026)	3		11	1
13	2025-10-13 06:40:18.466053+00	2	nursery 1	1	[{"added": {}}]	9	1
14	2025-10-13 06:40:47.639386+00	3	nursery 2	1	[{"added": {}}]	9	1
15	2025-10-13 06:41:14.957146+00	4	kg 1	1	[{"added": {}}]	9	1
16	2025-10-13 06:41:27.669533+00	5	kg 2	1	[{"added": {}}]	9	1
17	2025-10-13 06:41:43.868547+00	6	class 1	1	[{"added": {}}]	9	1
18	2025-10-13 06:41:57.719493+00	7	class 2	1	[{"added": {}}]	9	1
19	2025-10-13 06:42:11.26068+00	8	class 3	1	[{"added": {}}]	9	1
20	2025-10-13 06:42:25.994719+00	9	class 4	1	[{"added": {}}]	9	1
21	2025-10-13 06:42:42.679918+00	10	class 5	1	[{"added": {}}]	9	1
22	2025-10-13 06:42:57.907212+00	11	class 6	1	[{"added": {}}]	9	1
23	2025-10-13 06:59:26.199885+00	2	Christodia Tonette Boah - creche - 1st Term - (2025/2026)	1	[{"added": {}}]	11	1
24	2025-10-13 07:06:05.040387+00	3	God's Brin Nimaffull - creche - 1st Term - (2025/2026)	1	[{"added": {}}]	11	1
25	2025-10-13 07:07:04.228023+00	4	Joel Kofi Biney - creche - 1st Term - (2025/2026)	1	[{"added": {}}]	11	1
26	2025-10-13 07:07:51.066553+00	5	Precious Mamle Fosu - creche - 1st Term - (2025/2026)	1	[{"added": {}}]	11	1
27	2025-10-13 07:09:00.691745+00	6	Heward Nana Nkaso Sule - creche - 1st Term - (2025/2026)	1	[{"added": {}}]	11	1
28	2025-10-13 07:10:04.823828+00	3	creche - 1st Term - (2025/2026)  ΓÇö 380 GHS	1	[{"added": {}}]	16	1
29	2025-10-13 07:11:39.817815+00	2	Christodia Tonette Boah - 380 GHS	1	[{"added": {}}]	18	1
30	2025-10-13 07:12:57.550571+00	3	God's Brin Nimaffull - 380 GHS	1	[{"added": {}}]	18	1
31	2025-10-13 07:16:29.421588+00	4	Joel Kofi Biney - 200 GHS	1	[{"added": {}}]	18	1
32	2025-10-13 07:18:08.267091+00	5	Joel Kofi Biney - 180 GHS	1	[{"added": {}}]	18	1
33	2025-10-13 07:20:58.998834+00	6	Precious Mamle Fosu - 100 GHS	1	[{"added": {}}]	18	1
34	2025-10-13 07:23:24.82546+00	7	Heward Nana Nkaso Sule - 150 GHS	1	[{"added": {}}]	18	1
35	2025-10-13 07:26:12.635812+00	7	Homey Benedict Harrison - nursery 1 - 1st Term - (2025/2026)	1	[{"added": {}}]	11	1
36	2025-10-13 07:26:50.209408+00	8	Jason Asare - Asiedu - nursery 1 - 1st Term - (2025/2026)	1	[{"added": {}}]	11	1
37	2025-10-13 07:27:35.886753+00	8	Jason Asare - Asiedu - nursery 2 - 1st Term - (2025/2026)	2	[{"changed": {"fields": ["Class"]}}]	11	1
38	2025-10-13 07:29:11.359691+00	9	Mikayla Yireh Adjei - kg 2 - 1st Term - (2025/2026)	1	[{"added": {}}]	11	1
39	2025-10-13 07:31:20.342671+00	10	Nhyiraba Kwabena Arthur - class 3 - 1st Term - (2025/2026)	1	[{"added": {}}]	11	1
40	2025-10-13 07:32:34.893172+00	11	Emmanuella Quaicoe - class 4 - 1st Term - (2025/2026)	1	[{"added": {}}]	11	1
41	2025-10-13 07:33:15.206479+00	12	Micheal Anakwah Kyei - class 4 - 1st Term - (2025/2026)	1	[{"added": {}}]	11	1
42	2025-10-13 07:34:00.759352+00	13	Kelvin Fiifi Sam - class 6 - 1st Term - (2025/2026)	1	[{"added": {}}]	11	1
43	2025-10-13 07:36:36.328717+00	4	nursery 1 - 1st Term - (2025/2026)  ΓÇö 340 GHS	1	[{"added": {}}]	16	1
44	2025-10-13 07:37:05.10157+00	5	nursery 2 - 1st Term - (2025/2026)  ΓÇö 340 GHS	1	[{"added": {}}]	16	1
45	2025-10-13 07:40:35.223475+00	8	Homey Benedict Harrison - 340 GHS	1	[{"added": {}}]	18	1
46	2025-10-13 07:44:23.080451+00	9	Jason Asare - Asiedu - 200 GHS	1	[{"added": {}}]	18	1
47	2025-10-13 08:07:57.464486+00	6	kg 1 - 1st Term - (2025/2026)  ΓÇö 330 GHS	1	[{"added": {}}]	16	1
48	2025-10-13 08:08:44.240517+00	7	kg 2 - 1st Term - (2025/2026)  ΓÇö 330 GHS	1	[{"added": {}}]	16	1
49	2025-10-13 15:28:21.68359+00	10	Mikayla Yireh Adjei - 200 GHS	1	[{"added": {}}]	18	1
50	2025-10-13 15:33:02.635766+00	14	Twerenyame Boakye Gyan Sekyere - kg 1 - 1st Term - (2025/2026)	1	[{"added": {}}]	11	1
51	2025-10-13 15:33:46.119702+00	11	Twerenyame Boakye Gyan Sekyere - 1st Term | 2025/2026 | kg 1	1	[{"added": {}}]	17	1
52	2025-10-13 15:34:42.704882+00	11	Twerenyame Boakye Gyan Sekyere - 100 GHS	1	[{"added": {}}]	18	1
53	2025-10-13 15:35:27.967732+00	12	Twerenyame Boakye Gyan Sekyere - 100 GHS	1	[{"added": {}}]	18	1
54	2025-10-13 15:37:57.884353+00	12	Mildred Illyn Appah-Kum - 1st Term | 2025/2026 | kg 1	1	[{"added": {}}]	17	1
55	2025-10-13 15:39:36.538566+00	13	Mildred Illyn Appah-Kum - 330 GHS	1	[{"added": {}}]	18	1
56	2025-10-13 16:10:51.673624+00	15	Erica Appea-Apreku Owiredu - class 1 - 1st Term - (2025/2026)	1	[{"added": {}}]	11	1
57	2025-10-13 16:12:04.826247+00	8	class 1 - 1st Term - (2025/2026)  ΓÇö 350 GHS	1	[{"added": {}}]	16	1
58	2025-10-13 16:17:32.953854+00	14	Erica Appea-Apreku Owiredu - 200 GHS	1	[{"added": {}}]	18	1
59	2025-10-13 16:52:25.678198+00	12	class 3 - 1st Term - (2025/2026)  ΓÇö 350 GHS	1	[{"added": {}}]	16	1
60	2025-10-13 16:54:53.42539+00	15	Nhyiraba Kwabena Arthur - 200 GHS	1	[{"added": {}}]	18	1
61	2025-10-13 16:59:01.089831+00	16	Gabriel Anti Dadzie - nursery 1 - 1st Term - (2025/2026)	1	[{"added": {}}]	11	1
62	2025-10-13 17:00:31.20409+00	18	Gabriel Anti Dadzie - 1st Term | 2025/2026 | nursery 1	1	[{"added": {}}]	17	1
63	2025-10-13 17:02:50.819904+00	16	Gabriel Anti Dadzie - 200 GHS	1	[{"added": {}}]	18	1
64	2025-10-13 17:10:24.461973+00	13	class 4 - 1st Term - (2025/2026)  ΓÇö 350 GHS	1	[{"added": {}}]	16	1
65	2025-10-13 17:19:11.162424+00	17	Emmanuella Quaicoe - 350 GHS	1	[{"added": {}}]	18	1
66	2025-10-13 17:36:55.236202+00	18	Micheal Anakwah Kyei - 100 GHS	1	[{"added": {}}]	18	1
67	2025-10-13 17:40:00.542648+00	19	Micheal Anakwah Kyei - 100 GHS	1	[{"added": {}}]	18	1
68	2025-10-13 18:19:22.506529+00	106	Fred Nyiraba Obeng (student) (53792804)	2	[{"changed": {"fields": ["Full name"]}}]	6	1
270	2025-11-05 13:20:20.898455+00	76	Nafiisah Salisu - 50 GHS	1	[{"added": {}}]	18	1
69	2025-10-14 01:07:24.776235+00	106	Fred Nhyiraba Obeng (student) (53792804)	2	[{"changed": {"fields": ["Full name"]}}]	6	1
70	2025-10-14 01:49:12.669315+00	113	Erica Ganyo - class 1	2	[{"changed": {"fields": ["Current class", "Class seeking admission to", "Has allergies"]}}]	10	1
71	2025-10-14 01:52:14.103166+00	2	2026/2027	1	[{"added": {}}]	7	1
72	2025-10-14 02:20:40.449937+00	67	Mikayla Osae Asante (student) (17024190)	3		6	1
73	2025-10-14 02:30:13.000122+00	2	2026/2027	3		7	1
74	2025-10-14 02:31:01.108449+00	3	2026/2027	1	[{"added": {}}]	7	1
75	2025-10-14 02:37:55.96945+00	3	2026/2027	3		7	1
76	2025-10-14 03:14:06.645967+00	2	2nd Term - (2025/2026)	1	[{"added": {}}]	13	1
77	2025-10-14 03:15:16.346602+00	2	2nd Term - (2025/2026)	3		13	1
78	2025-10-14 03:20:03.786002+00	12	jhs 1	1	[{"added": {}}]	9	1
79	2025-10-14 03:20:28.26988+00	13	jhs 2	1	[{"added": {}}]	9	1
80	2025-10-14 03:20:55.853735+00	14	jhs 3	1	[{"added": {}}]	9	1
81	2025-10-14 03:41:32.240056+00	4	2nd Term - (2025/2026)	1	[{"added": {}}]	13	1
82	2025-10-14 03:45:43.958382+00	14	creche - 2nd Term - (2025/2026)  ΓÇö 100 GHS	1	[{"added": {}}]	16	1
83	2025-10-14 03:47:18.006944+00	23	Princella Nkansah - 2nd Term | 2025/2026 | creche	3		17	1
84	2025-10-14 03:47:18.007007+00	24	Precious Mamle Fosu - 2nd Term | 2025/2026 | creche	3		17	1
85	2025-10-14 03:47:18.007033+00	25	God's Brin Nimaffull - 2nd Term | 2025/2026 | creche	3		17	1
86	2025-10-14 03:47:18.007057+00	26	Christodia Tonette Boah - 2nd Term | 2025/2026 | creche	3		17	1
87	2025-10-14 03:47:18.007081+00	21	Joel Kofi Biney - 2nd Term | 2025/2026 | creche	3		17	1
88	2025-10-14 03:47:18.007103+00	22	Heward Nana Nkaso Sule - 2nd Term | 2025/2026 | creche	3		17	1
89	2025-10-14 03:47:18.007126+00	27	Maame Esi Ansekua Amoaku - 2nd Term | 2025/2026 | creche	3		17	1
90	2025-10-14 03:48:14.167845+00	14	creche - 2nd Term - (2025/2026)  ΓÇö 100.00 GHS	3		16	1
91	2025-10-14 03:49:27.637093+00	4	2nd Term - (2025/2026)	3		13	1
92	2025-10-14 09:12:01.092186+00	69	God's Brin Nimaffull - creche	2	[{"changed": {"fields": ["Class seeking admission to", "Contact of father"]}}]	10	1
93	2025-10-14 09:14:55.122505+00	20	God's Brin Nimaffull - 10 GHS	1	[{"added": {}}]	18	1
94	2025-10-14 18:12:52.627154+00	20	God's Brin Nimaffull - 10.00 GHS	3		18	1
95	2025-10-14 18:15:32.857983+00	21	God's Brin Nimaffull - -10 GHS	1	[{"added": {}}]	18	1
96	2025-10-14 18:38:54.916313+00	3	God's Brin Nimaffull - 380.00 GHS	3		18	1
97	2025-10-14 18:39:33.831316+00	21	God's Brin Nimaffull - -10.00 GHS	3		18	1
98	2025-10-14 18:41:56.320735+00	4	God's Brin Nimaffull - 1st Term | 2025/2026 | creche	3		17	1
99	2025-10-14 18:53:01.324983+00	28	God's Brin Nimaffull - 1st Term | 2025/2026 | creche	1	[{"added": {}}]	17	1
100	2025-10-14 18:54:35.862411+00	22	God's Brin Nimaffull - 19 GHS	1	[{"added": {}}]	18	1
101	2025-10-14 18:56:14.199172+00	23	God's Brin Nimaffull - 200 GHS	1	[{"added": {}}]	18	1
102	2025-10-14 18:58:08.013382+00	23	God's Brin Nimaffull - 200.00 GHS	3		18	1
103	2025-10-14 18:58:08.013872+00	22	God's Brin Nimaffull - 19.00 GHS	3		18	1
104	2025-10-14 19:00:32.073451+00	28	God's Brin Nimaffull - 1st Term | 2025/2026 | creche	3		17	1
105	2025-10-14 19:04:25.537544+00	29	God's Brin Nimaffull - 1st Term | 2025/2026 | creche	1	[{"added": {}}]	17	1
106	2025-10-14 19:05:46.254146+00	24	God's Brin Nimaffull - 380 GHS	1	[{"added": {}}]	18	1
107	2025-10-14 19:08:50.22657+00	69	God's Brin Nimaffull - creche	2	[{"changed": {"fields": ["Contact of father"]}}]	10	1
108	2025-10-14 20:22:57.705424+00	30	Maame Esi Ansekua Amoaku - 1st Term | 2025/2026 | creche	1	[{"added": {}}]	17	1
109	2025-10-14 20:26:35.69676+00	25	Maame Esi Ansekua Amoaku - 380 GHS	1	[{"added": {}}]	18	1
110	2025-10-14 20:51:01.563972+00	65	Fred Nhyiraba Obeng - nursery 2 - nursery 2 - 1st Term - (2025/2026)	1	[{"added": {}}]	11	1
111	2025-10-14 20:51:59.673889+00	31	Fred Nhyiraba Obeng - 1st Term | 2025/2026 | nursery 2	1	[{"added": {}}]	17	1
112	2025-10-14 20:53:00.463956+00	26	Fred Nhyiraba Obeng - 130 GHS	1	[{"added": {}}]	18	1
113	2025-10-14 20:54:29.335817+00	27	Fred Nhyiraba Obeng - 210 GHS	1	[{"added": {}}]	18	1
114	2025-10-14 20:59:12.722691+00	66	Neriah Nana Efya Bassoah - nursery 1 - nursery 1 - 1st Term - (2025/2026)	1	[{"added": {}}]	11	1
115	2025-10-14 21:02:03.542934+00	32	Neriah Nana Efya Bassoah - 1st Term | 2025/2026 | nursery 1	1	[{"added": {}}]	17	1
116	2025-10-14 21:02:59.613638+00	28	Neriah Nana Efya Bassoah - 340 GHS	1	[{"added": {}}]	18	1
117	2025-10-15 19:55:09.324417+00	67	Nafiisah Salisu - kg 2 - kg 2 - 1st Term - (2025/2026)	1	[{"added": {}}]	11	1
118	2025-10-15 19:56:16.646718+00	33	Nafiisah Salisu - 1st Term | 2025/2026 | kg 2	1	[{"added": {}}]	17	1
119	2025-10-15 20:06:14.15944+00	33	Nafiisah Salisu - 1st Term | 2025/2026 | kg 2	2	[]	17	1
120	2025-10-15 20:07:18.13506+00	29	Nafiisah Salisu - 100 GHS	1	[{"added": {}}]	18	1
121	2025-10-15 20:22:58.294592+00	84	Pricsla Mensah - kg 1	2	[{"changed": {"fields": ["Class seeking admission to", "Name of father", "Contact of father", "Contact of mother"]}}]	10	1
122	2025-10-15 20:24:02.226756+00	68	Pricsla Mensah - kg 1 - kg 1 - 1st Term - (2025/2026)	1	[{"added": {}}]	11	1
123	2025-10-15 20:25:28.419745+00	34	Pricsla Mensah - 1st Term | 2025/2026 | kg 1	1	[{"added": {}}]	17	1
124	2025-10-15 20:26:55.378167+00	30	Pricsla Mensah - 200 GHS	1	[{"added": {}}]	18	1
125	2025-10-15 20:40:09.720646+00	69	Elsa Adwoa Sem Dadzie - kg 2 - kg 2 - 1st Term - (2025/2026)	1	[{"added": {}}]	11	1
126	2025-10-15 20:41:09.515656+00	35	Elsa Adwoa Sem Dadzie - 1st Term | 2025/2026 | kg 2	1	[{"added": {}}]	17	1
127	2025-10-15 20:44:06.746503+00	31	Elsa Adwoa Sem Dadzie - 200 GHS	1	[{"added": {}}]	18	1
128	2025-10-15 22:23:27.48844+00	131	Priscilla Mensah - kg 1	3		10	1
129	2025-10-15 22:26:19.032344+00	85	Priscilla Mensah (student) (36179901)	2	[{"changed": {"fields": ["Full name"]}}]	6	1
130	2025-10-15 22:27:22.031994+00	70	Naadom Yeboah - class 6 - class 6 - 1st Term - (2025/2026)	1	[{"added": {}}]	11	1
131	2025-10-15 22:28:51.5995+00	15	class 6 - 1st Term - (2025/2026)  ΓÇö 350 GHS	1	[{"added": {}}]	16	1
132	2025-10-15 22:31:25.423288+00	32	Kelvin Fiifi Sam - 100 GHS	1	[{"added": {}}]	18	1
133	2025-10-15 22:32:00.45056+00	33	Naadom Yeboah - 110 GHS	1	[{"added": {}}]	18	1
134	2025-10-15 22:34:51.205771+00	71	Raynard Donkoh - class 5 - class 5 - 1st Term - (2025/2026)	1	[{"added": {}}]	11	1
135	2025-10-15 22:36:11.609102+00	16	class 5 - 1st Term - (2025/2026)  ΓÇö 350 GHS	1	[{"added": {}}]	16	1
136	2025-10-15 22:37:35.179875+00	34	Raynard Donkoh - 200 GHS	1	[{"added": {}}]	18	1
271	2025-11-06 08:51:53.224566+00	17	George Yeboah Family - 170 GHS	1	[{"added": {}}]	21	1
137	2025-10-15 22:39:13.79397+00	72	Perpetual Koomson - class 3 - class 3 - 1st Term - (2025/2026)	1	[{"added": {}}]	11	1
138	2025-10-15 22:41:23.211889+00	39	Perpetual Koomson - 1st Term | 2025/2026 | class 3	1	[{"added": {}}]	17	1
139	2025-10-15 22:42:15.208431+00	35	Perpetual Koomson - 320 GHS	1	[{"added": {}}]	18	1
140	2025-10-15 22:42:47.340374+00	36	Perpetual Koomson - 30 GHS	1	[{"added": {}}]	18	1
141	2025-10-15 22:45:16.201245+00	73	Dennis Marfo - class 3 - class 3 - 1st Term - (2025/2026)	1	[{"added": {}}]	11	1
142	2025-10-15 22:47:08.426809+00	40	Dennis Marfo - 1st Term | 2025/2026 | class 3	1	[{"added": {}}]	17	1
143	2025-10-15 22:48:02.292864+00	37	Dennis Marfo - 150 GHS	1	[{"added": {}}]	18	1
144	2025-10-16 05:09:51.758619+00	41	Juliana Opamfowa Sam Arthur - 1st Term | 2025/2026 | kg 2	1	[{"added": {}}]	17	1
145	2025-10-16 05:10:49.072044+00	38	Juliana Opamfowa Sam Arthur - 150 GHS	1	[{"added": {}}]	18	1
146	2025-10-16 05:13:06.79069+00	74	Juliana Opamfowa Sam Arthur - kg 2 - kg 2 - 1st Term - (2025/2026)	1	[{"added": {}}]	11	1
147	2025-10-16 05:22:34.134778+00	75	Juliet Biney - kg 1 - kg 1 - 1st Term - (2025/2026)	1	[{"added": {}}]	11	1
148	2025-10-16 05:23:28.903988+00	42	Juliet Biney - 1st Term | 2025/2026 | kg 1	1	[{"added": {}}]	17	1
149	2025-10-16 05:24:47.561429+00	39	Juliet Biney - 250 GHS	1	[{"added": {}}]	18	1
150	2025-10-16 05:27:54.160641+00	76	Shantel Akosua Boakye Nyamekye - kg 1 - kg 1 - 1st Term - (2025/2026)	1	[{"added": {}}]	11	1
151	2025-10-16 05:28:58.933375+00	43	Shantel Akosua Boakye Nyamekye - 1st Term | 2025/2026 | kg 1	1	[{"added": {}}]	17	1
152	2025-10-16 05:29:57.180108+00	40	Shantel Akosua Boakye Nyamekye - 320 GHS	1	[{"added": {}}]	18	1
153	2025-10-16 05:30:54.474112+00	41	Shantel Akosua Boakye Nyamekye - 10 GHS	1	[{"added": {}}]	18	1
154	2025-10-16 05:33:16.439671+00	44	Prince Obuakoh Okyere - 1st Term | 2025/2026 | kg 1	1	[{"added": {}}]	17	1
155	2025-10-16 05:34:20.373419+00	42	Prince Obuakoh Okyere - 150 GHS	1	[{"added": {}}]	18	1
156	2025-10-16 05:36:28.959882+00	43	Prince Obuakoh Okyere - 100 GHS	1	[{"added": {}}]	18	1
157	2025-10-16 05:40:42.955689+00	45	Ekua Ofori Boahene - 1st Term | 2025/2026 | kg 2	1	[{"added": {}}]	17	1
158	2025-10-16 05:41:38.242175+00	44	Ekua Ofori Boahene - 330 GHS	1	[{"added": {}}]	18	1
159	2025-10-16 05:43:15.718695+00	46	Felix K. Asamoah - 1st Term | 2025/2026 | kg 2	1	[{"added": {}}]	17	1
160	2025-10-16 05:44:03.832148+00	45	Felix K. Asamoah - 100 GHS	1	[{"added": {}}]	18	1
161	2025-10-16 05:44:45.945161+00	46	Felix K. Asamoah - 50 GHS	1	[{"added": {}}]	18	1
162	2025-10-16 05:45:21.169711+00	47	Felix K. Asamoah - 100 GHS	1	[{"added": {}}]	18	1
163	2025-10-16 07:11:11.275765+00	47	Obrengpong Adriel - 1st Term | 2025/2026 | nursery 2	1	[{"added": {}}]	17	1
164	2025-10-16 07:17:05.592619+00	48	Obrengpong Adriel - 200 GHS	1	[{"added": {}}]	18	1
165	2025-10-16 08:04:55.959529+00	48	Naah Shelly Tetteh - 1st Term | 2025/2026 | nursery 1	1	[{"added": {}}]	17	1
166	2025-10-16 08:09:12.073457+00	49	Naah Shelly Tetteh - 200 GHS	1	[{"added": {}}]	18	1
167	2025-10-16 08:10:53.681277+00	50	Naah Shelly Tetteh - 140 GHS	1	[{"added": {}}]	18	1
168	2025-10-16 08:19:21.190522+00	49	Wisdom Donkoh - 1st Term | 2025/2026 | creche	1	[{"added": {}}]	17	1
169	2025-10-16 08:21:09.976628+00	51	Wisdom Donkoh - 200 GHS	1	[{"added": {}}]	18	1
170	2025-10-16 09:17:21.706499+00	50	Samuel Dickson Arthur - 1st Term | 2025/2026 | creche	1	[{"added": {}}]	17	1
171	2025-10-16 09:21:04.368504+00	52	Samuel Dickson Arthur - 200 GHS	1	[{"added": {}}]	18	1
172	2025-10-16 09:22:40.349905+00	53	Samuel Dickson Arthur - 180 GHS	1	[{"added": {}}]	18	1
173	2025-10-16 10:47:15.149617+00	1	Dazie Family	1	[{"added": {}}]	19	1
174	2025-10-16 10:50:01.033944+00	1	Dazie Family | 1st Term | 2025/2026	1	[{"added": {}}]	20	1
175	2025-10-16 10:51:53.801545+00	1	Dazie Family - 200 GHS	1	[{"added": {}}]	21	1
176	2025-10-16 10:55:03.972648+00	2	Dazie Family - 100 GHS	1	[{"added": {}}]	21	1
177	2025-10-16 11:03:52.493212+00	147	Moses Dadzie (student) (40547698)	2	[{"changed": {"fields": ["Full name"]}}]	6	1
178	2025-10-16 11:07:42.232265+00	145	Moses Dadzie - class 1	2	[{"changed": {"fields": ["Class seeking admission to", "Has allergies", "Has peculiar health issues", "Contact of father"]}}]	10	1
179	2025-10-16 11:08:27.615852+00	96	Josephine Dadzie - class 4	2	[{"changed": {"fields": ["Class seeking admission to", "Contact of father"]}}]	10	1
180	2025-10-16 11:10:20.144169+00	3	Dazie Family - 300 GHS	1	[{"added": {}}]	21	1
181	2025-10-16 11:13:49.913598+00	145	Moses Dadzie - class 1	2	[{"changed": {"fields": ["Contact of father"]}}]	10	1
182	2025-10-16 11:14:15.006656+00	96	Josephine Dadzie - class 4	2	[{"changed": {"fields": ["Contact of father"]}}]	10	1
183	2025-10-16 11:16:39.631017+00	1	Dazie Family | 1st Term | 2025/2026	3		20	1
184	2025-10-16 11:17:35.960046+00	1	Dadzie Family	2	[{"changed": {"fields": ["Name"]}}]	19	1
185	2025-10-16 11:20:27.115854+00	2	Dadzie Family | 1st Term | 2025/2026	1	[{"added": {}}]	20	1
186	2025-10-16 11:21:43.481373+00	4	Dadzie Family - 200 GHS	1	[{"added": {}}]	21	1
187	2025-10-16 11:23:42.413505+00	2	Mensah	1	[{"added": {}}]	19	1
188	2025-10-16 11:25:10.620587+00	3	Mensah | 1st Term | 2025/2026	1	[{"added": {}}]	20	1
189	2025-10-16 11:29:47.972358+00	5	Mensah - 680 GHS	1	[{"added": {}}]	21	1
190	2025-10-16 12:03:34.625296+00	3	Mensah | 1st Term | 2025/2026	2	[{"changed": {"fields": ["Is fully paid"]}}]	20	1
191	2025-10-16 12:07:39.969109+00	3	Ampofo Family	1	[{"added": {}}]	19	1
192	2025-10-16 12:09:52.876391+00	4	Ampofo Family | 1st Term | 2025/2026	1	[{"added": {}}]	20	1
193	2025-10-16 12:11:35.108882+00	6	Ampofo Family - 690 GHS	1	[{"added": {}}]	21	1
194	2025-10-16 12:16:34.377423+00	4	Bruno Family	1	[{"added": {}}]	19	1
195	2025-10-16 12:18:10.115272+00	5	Bruno Family | 1st Term | 2025/2026	1	[{"added": {}}]	20	1
196	2025-10-16 12:22:37.067039+00	7	Bruno Family - 500 GHS	1	[{"added": {}}]	21	1
197	2025-10-17 03:36:14.764201+00	157	NaT (student) (17449914)	3		6	1
198	2025-10-17 04:18:48.012307+00	86	Goodluck Solomon Asherow - class 4	2	[{"changed": {"fields": ["Class seeking admission to", "Name of father", "Name of mother", "Contact of father"]}}]	10	1
199	2025-10-17 04:33:07.046374+00	5	Donatella Family	1	[{"added": {}}]	19	1
200	2025-10-17 04:34:33.345461+00	6	Donatella Family | 1st Term | 2025/2026	1	[{"added": {}}]	20	1
201	2025-10-17 04:35:43.564367+00	8	Donatella Family - 240 GHS	1	[{"added": {}}]	21	1
202	2025-10-17 04:37:28.878549+00	9	Donatella Family - 200 GHS	1	[{"added": {}}]	21	1
203	2025-10-17 10:17:50.330155+00	146	Nana Kojo Prah Mensah (student) (97282321)	2	[{"changed": {"fields": ["Full name"]}}]	6	1
204	2025-10-17 10:20:17.554533+00	146	Nana Kojo Prah Mensah (student) (97282321)	2	[{"changed": {"fields": ["Date of birth"]}}]	6	1
205	2025-10-17 10:26:54.069403+00	144	Nana Kojo Prah Mensah - kg 2	2	[{"changed": {"fields": ["Last school attended", "Class seeking admission to", "Has allergies", "Has peculiar health issues", "Name of father", "Name of mother", "Occupation of father", "Occupation of mother", "Nationality of father", "Nationality of mother"]}}]	10	1
206	2025-10-17 10:29:18.944541+00	143	Anabel Mensah - class 4	2	[{"changed": {"fields": ["Class seeking admission to", "Has allergies", "Has peculiar health issues", "Name of father", "Name of mother", "Occupation of father", "Occupation of mother", "Nationality of father", "Nationality of mother"]}}]	10	1
207	2025-10-17 10:48:53.787779+00	143	Anabel Mensah - class 4	2	[]	10	1
208	2025-10-17 10:50:56.40118+00	145	Annabelle Esaawa Mensah (student) (30354735)	2	[{"changed": {"fields": ["Full name", "Date of birth", "Nationality"]}}]	6	1
209	2025-10-17 10:56:08.671325+00	133	Priscilla Mensah (student) (17588415)	3		6	1
210	2025-10-17 11:44:39.517013+00	6	Mintah Family	1	[{"added": {}}]	19	1
211	2025-10-17 11:48:26.524863+00	7	Mintah Family | 1st Term | 2025/2026	1	[{"added": {}}]	20	1
212	2025-10-19 07:26:36.251229+00	7	Arkoh Family	1	[{"added": {}}]	19	1
213	2025-10-19 07:27:51.613596+00	8	Arkoh Family | 1st Term | 2025/2026	1	[{"added": {}}]	20	1
214	2025-10-19 07:28:58.240001+00	10	Arkoh Family - 240 GHS	1	[{"added": {}}]	21	1
215	2025-10-19 08:34:44.801429+00	31	Fred Nhyiraba Obeng - 1st Term | 2025/2026 | nursery 2	3		17	1
216	2025-10-19 08:36:12.841699+00	51	Fred Nhyiraba Obeng - 1st Term | 2025/2026 | nursery 2	1	[{"added": {}}]	17	1
217	2025-10-19 08:36:55.999414+00	54	Fred Nhyiraba Obeng - 130 GHS	1	[{"added": {}}]	18	1
218	2025-10-19 08:41:04.405734+00	52	Henry Adamtey - 1st Term | 2025/2026 | creche	1	[{"added": {}}]	17	1
219	2025-10-19 08:41:51.584119+00	55	Henry Adamtey - 300 GHS	1	[{"added": {}}]	18	1
220	2025-10-19 08:42:46.153591+00	56	Henry Adamtey - 80 GHS	1	[{"added": {}}]	18	1
221	2025-10-19 09:59:51.291425+00	17	kg 1 - 1st Term - (2025/2026)  ΓÇö 165 GHS	1	[{"added": {}}]	16	1
222	2025-10-19 10:03:52.229647+00	57	Hamdallah Osman Pelpuo - 1st Term | 2025/2026 | kg 1	1	[{"added": {}}]	17	1
223	2025-10-19 10:05:15.596229+00	57	Hamdallah Osman Pelpuo - 100 GHS	1	[{"added": {}}]	18	1
224	2025-10-19 10:06:54.786899+00	58	Hamdallah Osman Pelpuo - 65 GHS	1	[{"added": {}}]	18	1
225	2025-10-19 10:17:26.851088+00	18	class 2 - 1st Term - (2025/2026)  ΓÇö 350 GHS	1	[{"added": {}}]	16	1
226	2025-10-19 10:20:36.711291+00	58	Elvis Anobil - 1st Term | 2025/2026 | class 2	1	[{"added": {}}]	17	1
227	2025-10-19 10:21:15.078014+00	59	Elvis Anobil - 200 GHS	1	[{"added": {}}]	18	1
228	2025-10-19 10:23:16.949632+00	59	Mercy Otabil - 1st Term | 2025/2026 | class 1	1	[{"added": {}}]	17	1
229	2025-10-19 10:27:09.832921+00	150	Mercy Otabil - class 1	2	[{"changed": {"fields": ["Contact of father", "Contact of mother"]}}]	10	1
230	2025-10-19 10:33:55.603395+00	60	Acquah Princess - 1st Term | 2025/2026 | class 3	1	[{"added": {}}]	17	1
231	2025-10-19 10:35:25.373979+00	60	Acquah Princess - 100 GHS	1	[{"added": {}}]	18	1
232	2025-10-19 10:36:06.599415+00	61	Acquah Princess - 100 GHS	1	[{"added": {}}]	18	1
233	2025-10-19 10:39:18.639581+00	62	Micheal Anakwah Kyei - 100 GHS	1	[{"added": {}}]	18	1
234	2025-10-20 17:59:23.410944+00	2	Mensah Family	2	[{"changed": {"fields": ["Name"]}}]	19	1
235	2025-10-20 18:01:10.211987+00	8	George Yeboah Family	1	[{"added": {}}]	19	1
236	2025-10-20 18:04:12.177598+00	9	George Yeboah Family | 1st Term | 2025/2026	1	[{"added": {}}]	20	1
237	2025-10-20 18:05:40.479772+00	11	George Yeboah Family - 500 GHS	1	[{"added": {}}]	21	1
238	2025-10-20 18:07:49.762419+00	12	George Yeboah Family - 200 GHS	1	[{"added": {}}]	21	1
239	2025-10-21 09:12:03.282016+00	9	Larbi Family	1	[{"added": {}}]	19	1
240	2025-10-21 09:13:47.791041+00	10	Larbi Family | 1st Term | 2025/2026	1	[{"added": {}}]	20	1
241	2025-10-21 09:18:23.761023+00	13	Larbi Family - 700 GHS	1	[{"added": {}}]	21	1
242	2025-10-27 13:51:08.393172+00	14	Dadzie Family - 200 GHS	1	[{"added": {}}]	21	1
243	2025-10-28 06:00:57.332394+00	174	Kenzel Opare Addo - creche	2	[{"changed": {"fields": ["Contact of father"]}}]	10	1
244	2025-10-28 17:23:34.362537+00	10	Nyamekye Welder	1	[{"added": {}}]	19	1
245	2025-10-28 17:24:35.121188+00	180	Nyamekye Adu Kontor (student) (55704577)	2	[{"changed": {"fields": ["Full name"]}}]	6	1
246	2025-10-28 17:26:08.167742+00	11	Nyamekye Welder | 1st Term | 2025/2026	1	[{"added": {}}]	20	1
247	2025-10-28 17:28:15.578944+00	15	Nyamekye Welder - 300 GHS	1	[{"added": {}}]	21	1
248	2025-10-28 17:43:04.379477+00	61	Mary Andoh - 1st Term | 2025/2026 | nursery 1	1	[{"added": {}}]	17	1
249	2025-10-28 17:47:44.302988+00	62	Caleb Adjei Mensah - 1st Term | 2025/2026 | creche	1	[{"added": {}}]	17	1
250	2025-10-28 17:49:29.217089+00	63	Mary Andoh - 200 GHS	1	[{"added": {}}]	18	1
251	2025-10-28 18:21:35.357938+00	63	Kenzel Opare Addo - 1st Term | 2025/2026 | creche	1	[{"added": {}}]	17	1
252	2025-10-28 18:22:48.471511+00	64	Kenzel Opare Addo - 380 GHS	1	[{"added": {}}]	18	1
253	2025-10-28 18:39:08.580982+00	64	Lawrence Amaning - 1st Term | 2025/2026 | class 3	1	[{"added": {}}]	17	1
254	2025-10-28 18:39:58.151294+00	65	Lawrence Amaning - 200 GHS	1	[{"added": {}}]	18	1
255	2025-10-30 12:40:10.897046+00	66	Nafiisah Salisu - 50 GHS	1	[{"added": {}}]	18	1
256	2025-11-04 14:05:10.71763+00	16	Mintah Family - 700 GHS	1	[{"added": {}}]	21	1
257	2025-11-04 14:07:04.201541+00	67	Micheal Anakwah Kyei - 50 GHS	1	[{"added": {}}]	18	1
258	2025-11-04 14:10:28.789945+00	65	Christiana Sam - 1st Term | 2025/2026 | class 3	1	[{"added": {}}]	17	1
259	2025-11-04 14:21:17.082341+00	68	Christiana Sam - 150 GHS	1	[{"added": {}}]	18	1
260	2025-11-04 14:23:41.011193+00	69	Juliana Opamfowa Sam Arthur - 150 GHS	1	[{"added": {}}]	18	1
261	2025-11-04 14:49:36.497007+00	66	Blessing Offei - 1st Term | 2025/2026 | kg 1	1	[{"added": {}}]	17	1
262	2025-11-04 14:50:32.664733+00	70	Blessing Offei - 150 GHS	1	[{"added": {}}]	18	1
263	2025-11-05 08:05:06.709299+00	71	Elvis Anobil - 100 GHS	1	[{"added": {}}]	18	1
264	2025-11-05 08:06:47.712815+00	72	Caleb Adjei Mensah - 180 GHS	1	[{"added": {}}]	18	1
265	2025-11-05 08:08:30.148247+00	67	Lydia Nana Esi Ayim - 1st Term | 2025/2026 | class 5	1	[{"added": {}}]	17	1
266	2025-11-05 08:09:04.563526+00	73	Lydia Nana Esi Ayim - 200 GHS	1	[{"added": {}}]	18	1
267	2025-11-05 12:07:12.272204+00	55	Juliet Biney - 1st Term | 2025/2026 | kg 1	3		17	1
268	2025-11-05 12:08:24.08758+00	74	Juliet Biney - 80 GHS	1	[{"added": {}}]	18	1
269	2025-11-05 12:10:06.356573+00	75	Felix K. Asamoah - 50 GHS	1	[{"added": {}}]	18	1
272	2025-11-06 09:00:38.546051+00	68	Samuel Arthur - 1st Term | 2025/2026 | kg 2	1	[{"added": {}}]	17	1
273	2025-11-06 09:09:28.888866+00	77	Samuel Arthur - 100 GHS	1	[{"added": {}}]	18	1
274	2025-11-07 00:19:37.680301+00	186	NaT - creche	3		10	1
275	2025-11-07 00:32:59.085784+00	187	king kong - class 1	3		10	1
276	2025-11-07 00:34:12.409565+00	182	phil thomson - class 1	3		10	1
277	2025-11-07 00:35:12.790578+00	181	Albert Aidoo - class 1	3		10	1
278	2025-11-07 00:35:12.79069+00	180	EMMA AIDOO - class 1	3		10	1
279	2025-11-07 00:56:43.593981+00	190	staff2 (staff) (5090)	1	[{"added": {}}]	6	1
280	2025-11-07 04:39:08.371538+00	191	Albert Aidoo - class 1	3		10	1
281	2025-11-07 04:39:08.371596+00	190	EMMA AIDOO - class 1	3		10	1
282	2025-11-07 04:39:08.371615+00	189	phil thomson - class 1	3		10	1
283	2025-11-07 04:39:08.371628+00	188	king kong - class 2	3		10	1
284	2025-11-07 04:40:23.394218+00	195	Albert Aidoo - class 1	3		10	1
285	2025-11-07 04:40:23.394259+00	194	EMMA AIDOO - class 1	3		10	1
286	2025-11-07 04:40:23.394273+00	193	phil thomson - class 1	3		10	1
287	2025-11-07 04:40:23.394299+00	192	king kong - class 2	3		10	1
288	2025-11-07 12:26:50.333341+00	78	Samuel Arthur - 50 GHS	1	[{"added": {}}]	18	1
289	2025-11-07 15:00:01.50034+00	79	Fred Nhyiraba Obeng - 100 GHS	1	[{"added": {}}]	18	1
290	2025-11-10 08:24:27.48183+00	18	Donatella Family - 140 GHS	1	[{"added": {}}]	21	1
291	2025-11-10 08:34:01.216743+00	80	Samuel Arthur - 100 GHS	1	[{"added": {}}]	18	1
292	2025-11-10 08:44:04.836154+00	11	Afowa family	1	[{"added": {}}]	19	1
293	2025-11-10 09:15:30.594146+00	69	Hannah Agboba - 1st Term | 2025/2026 | class 1	1	[{"added": {}}]	17	1
294	2025-11-10 09:18:11.468511+00	81	Hannah Agboba - 100 GHS	1	[{"added": {}}]	18	1
295	2025-11-10 09:19:16.77624+00	82	Hannah Agboba - 150 GHS	1	[{"added": {}}]	18	1
296	2025-11-10 09:23:38.547746+00	98	Jayden Amon Quaye - nursery 2	2	[{"changed": {"fields": ["Class seeking admission to", "Has allergies", "Contact of father"]}}]	10	1
297	2025-11-10 09:24:44.772122+00	12	Cailo Family	1	[{"added": {}}]	19	1
298	2025-11-10 09:25:49.744537+00	12	Cailo Family | 1st Term | 2025/2026	1	[{"added": {}}]	20	1
299	2025-11-10 09:36:27.925064+00	19	Cailo Family - 460 GHS	1	[{"added": {}}]	21	1
300	2025-11-10 09:40:03.33174+00	13	Afowa family | 1st Term | 2025/2026	1	[{"added": {}}]	20	1
301	2025-11-10 09:41:05.878308+00	20	Afowa family - 200 GHS	1	[{"added": {}}]	21	1
302	2025-11-10 09:49:08.432587+00	83	Acquah Princess - 60 GHS	1	[{"added": {}}]	18	1
303	2025-11-10 09:50:40.480616+00	84	Prince Obuakoh Okyere - 50 GHS	1	[{"added": {}}]	18	1
304	2025-11-10 09:54:05.664673+00	13	Meshack Ofosu Family	1	[{"added": {}}]	19	1
305	2025-11-10 09:55:07.694116+00	14	Meshack Ofosu Family | 1st Term | 2025/2026	1	[{"added": {}}]	20	1
306	2025-11-10 09:58:06.453405+00	21	Meshack Ofosu Family - 400 GHS	1	[{"added": {}}]	21	1
307	2025-11-10 10:01:48.93283+00	85	Mikayla Yireh Adjei - 130 GHS	1	[{"added": {}}]	18	1
308	2025-11-10 11:28:47.13009+00	70	Florence Osam Bentil - 1st Term | 2025/2026 | class 1	1	[{"added": {}}]	17	1
309	2025-11-10 11:32:07.389466+00	86	Florence Osam Bentil - 200 GHS	1	[{"added": {}}]	18	1
310	2025-11-10 11:33:22.535413+00	87	Florence Osam Bentil - 100 GHS	1	[{"added": {}}]	18	1
311	2025-11-10 14:25:05.184148+00	21	Meshack Ofosu Family - 400.00 GHS	3		21	1
312	2025-11-10 14:25:57.470694+00	14	Meshack Ofosu Family | 1st Term | 2025/2026	3		20	1
313	2025-11-10 14:26:45.421755+00	15	Meshack Ofosu Family | 1st Term | 2025/2026	1	[{"added": {}}]	20	1
314	2025-11-10 14:27:35.443449+00	22	Meshack Ofosu Family - 340 GHS	1	[{"added": {}}]	21	1
315	2025-11-10 14:54:10.558404+00	71	Princella Nkansah - 1st Term | 2025/2026 | creche	1	[{"added": {}}]	17	1
316	2025-11-10 14:56:28.566805+00	88	Princella Nkansah - 380 GHS	1	[{"added": {}}]	18	1
317	2025-11-11 07:58:51.765187+00	72	Henry Amoasie - 1st Term | 2025/2026 | class 1	1	[{"added": {}}]	17	1
318	2025-11-11 07:59:46.003686+00	73	Emmanuel Annan - 1st Term | 2025/2026 | class 4	1	[{"added": {}}]	17	1
319	2025-11-11 08:02:06.821492+00	89	Henry Amoasie - 350 GHS	1	[{"added": {}}]	18	1
320	2025-11-11 08:02:48.923047+00	90	Emmanuel Annan - 100 GHS	1	[{"added": {}}]	18	1
321	2025-11-11 08:33:55.763069+00	91	Kelvin Fiifi Sam - 100 GHS	1	[{"added": {}}]	18	1
322	2025-11-11 08:37:01.421887+00	74	Estherline Ansah - 1st Term | 2025/2026 | creche	1	[{"added": {}}]	17	1
323	2025-11-11 08:40:49.372281+00	92	Estherline Ansah - 150 GHS	1	[{"added": {}}]	18	1
324	2025-11-11 10:02:08.454827+00	75	Kingsley Asare Acquah - 1st Term | 2025/2026 | class 6	1	[{"added": {}}]	17	1
325	2025-11-11 10:03:21.423121+00	93	Kingsley Asare Acquah - 100 GHS	1	[{"added": {}}]	18	1
326	2025-11-11 12:33:57.902299+00	76	Getrude Asare Acquah - 1st Term | 2025/2026 | class 3	1	[{"added": {}}]	17	1
327	2025-11-11 12:34:44.652218+00	94	Getrude Asare Acquah - 200 GHS	1	[{"added": {}}]	18	1
328	2025-11-11 12:41:40.26788+00	14	Ganyo Family	1	[{"added": {}}]	19	1
329	2025-11-11 19:44:22.965315+00	16	Ganyo Family | 1st Term | 2025/2026	1	[{"added": {}}]	20	1
330	2025-11-11 19:45:10.910773+00	23	Ganyo Family - 200 GHS	1	[{"added": {}}]	21	1
331	2025-11-13 09:31:19.145575+00	193	kelvin (student) (123)	1	[{"added": {}}]	6	1
332	2025-11-13 09:43:12.995548+00	198	kelvin - creche	2	[{"changed": {"fields": ["Contact of father"]}}]	10	1
333	2025-11-13 09:50:11.081832+00	193	kelvin Nyarko (student) (123)	2	[{"changed": {"fields": ["Full name"]}}]	6	1
334	2025-11-13 09:57:23.404072+00	198	kelvin Nyarko - class 1	2	[{"changed": {"fields": ["Current class"]}}]	10	1
335	2025-11-13 09:59:19.536725+00	77	kelvin Nyarko - 1st Term | 2025/2026 | class 1	1	[{"added": {}}]	17	1
336	2025-11-13 10:00:29.685299+00	95	kelvin Nyarko - 100 GHS	1	[{"added": {}}]	18	1
337	2025-11-17 07:41:01.854846+00	24	Afowa family - 100 GHS	1	[{"added": {}}]	21	1
338	2025-11-17 07:43:27.135959+00	96	Heward Nana Nkaso Sule - 80 GHS	1	[{"added": {}}]	18	1
339	2025-11-17 07:44:13.936189+00	97	Christiana Sam - 100 GHS	1	[{"added": {}}]	18	1
340	2025-11-17 07:44:53.863234+00	98	Juliana Opamfowa Sam Arthur - 30 GHS	1	[{"added": {}}]	18	1
341	2025-11-17 07:49:34.676663+00	99	Elvis Anobil - 50 GHS	1	[{"added": {}}]	18	1
342	2025-11-17 08:00:23.038841+00	194	Kojo Appianing (student) (123123)	1	[{"added": {}}]	6	1
343	2025-11-17 08:03:46.71522+00	199	Kojo Appianing - kg 1	2	[{"changed": {"fields": ["Current class", "Contact of father", "Contact of mother"]}}]	10	1
344	2025-11-17 08:27:17.506585+00	15	Sikapa family	1	[{"added": {}}]	19	1
345	2025-11-17 08:28:38.04754+00	17	Sikapa family | 1st Term | 2025/2026	1	[{"added": {}}]	20	1
346	2025-11-17 08:30:34.79281+00	25	Sikapa family - 300 GHS	1	[{"added": {}}]	21	1
347	2025-11-17 08:31:15.952188+00	26	Larbi Family - 170 GHS	1	[{"added": {}}]	21	1
348	2025-11-18 12:10:20.618473+00	100	Blessing Offei - 50 GHS	1	[{"added": {}}]	18	1
349	2025-11-19 07:58:22.006191+00	101	Prince Obuakoh Okyere - 30 GHS	1	[{"added": {}}]	18	1
350	2025-11-19 09:09:23.367534+00	27	Cailo Family - 200 GHS	1	[{"added": {}}]	21	1
351	2025-11-20 07:39:06.261712+00	28	Nyamekye Welder - 400 GHS	1	[{"added": {}}]	21	1
352	2025-11-21 07:52:21.887603+00	102	Blessing Offei - 100 GHS	1	[{"added": {}}]	18	1
353	2025-11-24 12:25:09.710807+00	103	Kingsley Asare Acquah - 100 GHS	1	[{"added": {}}]	18	1
354	2025-11-24 12:25:47.476908+00	104	Getrude Asare Acquah - 100 GHS	1	[{"added": {}}]	18	1
355	2025-11-24 12:29:01.598128+00	105	kelvin Nyarko - 50 GHS	1	[{"added": {}}]	18	1
356	2025-11-24 12:37:23.149167+00	106	Raynard Donkoh - 70 GHS	1	[{"added": {}}]	18	1
357	2025-11-24 12:39:10.55225+00	107	Dennis Marfo - 100 GHS	1	[{"added": {}}]	18	1
358	2025-11-24 12:40:05.529633+00	108	Lawrence Amaning - 50 GHS	1	[{"added": {}}]	18	1
359	2025-11-24 13:15:43.325821+00	109	Nafiisah Salisu - 50 GHS	1	[{"added": {}}]	18	1
\.


--
-- Data for Name: django_content_type; Type: TABLE DATA; Schema: public; Owner: neondb_owner
--

COPY public.django_content_type (id, app_label, model) FROM stdin;
1	admin	logentry
2	auth	permission
3	auth	group
4	contenttypes	contenttype
5	sessions	session
6	account	user
7	student	academicyear
8	student	subject
9	student	gradeclass
10	student	studentprofile
11	student	studenttermrecord
12	student	studentsubjectrecord
13	student	term
14	staff	staffprofile
15	principal	principalprofile
16	fees	feestructure
17	fees	studentfeerecord
18	fees	payment
19	familyfees	family
20	familyfees	familyfeerecord
21	familyfees	familypayment
\.


--
-- Data for Name: django_migrations; Type: TABLE DATA; Schema: public; Owner: neondb_owner
--

COPY public.django_migrations (id, app, name, applied) FROM stdin;
1	contenttypes	0001_initial	2025-10-12 18:44:05.85308+00
2	contenttypes	0002_remove_content_type_name	2025-10-12 18:44:07.444519+00
3	auth	0001_initial	2025-10-12 18:44:12.506784+00
4	auth	0002_alter_permission_name_max_length	2025-10-12 18:44:13.471874+00
5	auth	0003_alter_user_email_max_length	2025-10-12 18:44:14.12158+00
6	auth	0004_alter_user_username_opts	2025-10-12 18:44:15.044464+00
7	auth	0005_alter_user_last_login_null	2025-10-12 18:44:15.970012+00
8	auth	0006_require_contenttypes_0002	2025-10-12 18:44:16.900624+00
9	auth	0007_alter_validators_add_error_messages	2025-10-12 18:44:17.77524+00
10	auth	0008_alter_user_username_max_length	2025-10-12 18:44:18.686036+00
11	auth	0009_alter_user_last_name_max_length	2025-10-12 18:44:19.603566+00
12	auth	0010_alter_group_name_max_length	2025-10-12 18:44:21.211029+00
13	auth	0011_update_proxy_permissions	2025-10-12 18:44:21.84352+00
14	auth	0012_alter_user_first_name_max_length	2025-10-12 18:44:22.760984+00
15	account	0001_initial	2025-10-12 18:44:28.681125+00
16	admin	0001_initial	2025-10-12 18:44:31.191901+00
17	admin	0002_logentry_remove_auto_add	2025-10-12 18:44:31.669107+00
18	admin	0003_logentry_add_action_flag_choices	2025-10-12 18:44:32.636113+00
19	staff	0001_initial	2025-10-12 18:44:34.8088+00
20	student	0001_initial	2025-10-12 18:44:43.471699+00
21	fees	0001_initial	2025-10-12 18:44:50.096073+00
22	fees	0002_remove_payment_reference	2025-10-12 18:44:51.00144+00
23	principal	0001_initial	2025-10-12 18:44:52.921111+00
24	sessions	0001_initial	2025-10-12 18:44:54.774874+00
25	fees	0003_alter_studentfeerecord_options_and_more	2025-10-13 16:36:32.672851+00
26	fees	0004_alter_studentfeerecord_options	2025-10-13 17:28:58.533736+00
27	fees	0005_alter_studentfeerecord_options	2025-10-13 17:38:39.22716+00
28	student	0002_studentprofile_current_class	2025-10-14 01:45:32.057702+00
29	student	0003_alter_term_unique_together	2025-10-14 20:41:52.418122+00
30	familyfees	0001_initial	2025-10-16 10:41:52.291456+00
31	familyfees	0002_alter_familyfeerecord_options_and_more	2025-10-16 11:59:48.635254+00
32	familyfees	0003_alter_family_options	2025-10-19 09:40:29.007336+00
33	fees	0006_alter_feestructure_unique_together	2025-10-19 09:56:41.140521+00
34	familyfees	0004_alter_family_options_alter_familyfeerecord_options_and_more	2025-11-24 18:54:33.49315+00
35	fees	0007_alter_payment_options	2025-11-24 18:54:34.708743+00
36	fees	0008_alter_studentfeerecord_options	2025-11-24 18:54:35.93494+00
37	student	0004_alter_gradeclass_options_alter_term_options	2025-11-24 18:54:37.188362+00
\.


--
-- Data for Name: django_session; Type: TABLE DATA; Schema: public; Owner: neondb_owner
--

COPY public.django_session (session_key, session_data, expire_date) FROM stdin;
nn02x464pgu90hqsiy670z08amu11cef	.eJxVjEsOwjAMBe-SNYrqxqlbluw5QxTHDi2gROpnhbg7VOoCtm9m3suEuK1j2BadwyTmbMCcfjeO6aFlB3KP5VZtqmWdJ7a7Yg-62GsVfV4O9-9gjMv4rRtPmJ0ipL6nzicEktRqxCzQMTeMHjMO4gjVAbYDEHFPDScCr86b9wfNLDcX:1v822i:KY0Y8VgYQzUPhO2ExKr5llBJfCg39b5M57xYDecvHBM	2025-10-26 19:47:44.918563+00
iogx886s2kkqh7252wcipbcx7yqnw9e7	.eJxVjEsOwjAMBe-SNYrqxqlbluw5QxTHDi2gROpnhbg7VOoCtm9m3suEuK1j2BadwyTmbMCcfjeO6aFlB3KP5VZtqmWdJ7a7Yg-62GsVfV4O9-9gjMv4rRtPmJ0ipL6nzicEktRqxCzQMTeMHjMO4gjVAbYDEHFPDScCr86b9wfNLDcX:1v88oN:lyMpzXo7OT7jUnlCCAXkJ-gzzVMyAoFRD0nC6w4ZmS8	2025-10-27 03:01:23.950982+00
bmlojjat4stbflbuegxbqfldtjztkgn6	.eJxVjEsOwjAMBe-SNYrqxqlbluw5QxTHDi2gROpnhbg7VOoCtm9m3suEuK1j2BadwyTmbMCcfjeO6aFlB3KP5VZtqmWdJ7a7Yg-62GsVfV4O9-9gjMv4rRtPmJ0ipL6nzicEktRqxCzQMTeMHjMO4gjVAbYDEHFPDScCr86b9wfNLDcX:1v89gT:evv2VQ3aUrQqu8I7JYeUiah5KaNLMMsugNWVo1He-E4	2025-10-27 03:57:17.144783+00
yosa0n41u9wnastiq2kd51y4tnqxkuk4	.eJxVjEsOwjAMBe-SNYrqxqlbluw5QxTHDi2gROpnhbg7VOoCtm9m3suEuK1j2BadwyTmbMCcfjeO6aFlB3KP5VZtqmWdJ7a7Yg-62GsVfV4O9-9gjMv4rRtPmJ0ipL6nzicEktRqxCzQMTeMHjMO4gjVAbYDEHFPDScCr86b9wfNLDcX:1v8U7L:_Ybq3S_s4beGyiF2v8aiSPPB08Xx6kcc8F2HhBIZf6E	2025-10-28 01:46:23.494032+00
32bfl5fmc6j3a2kbjzy999ge49yag7q2	.eJxVjEsOwjAMBe-SNYrqxqlbluw5QxTHDi2gROpnhbg7VOoCtm9m3suEuK1j2BadwyTmbMCcfjeO6aFlB3KP5VZtqmWdJ7a7Yg-62GsVfV4O9-9gjMv4rRtPmJ0ipL6nzicEktRqxCzQMTeMHjMO4gjVAbYDEHFPDScCr86b9wfNLDcX:1vBlEQ:uutQmH84HTbQyx8wf3OBMYWpLBXq6A0AifEFuIRTqv8	2025-11-06 02:39:14.708228+00
n70uxnmpwy2bhpmoe9y0pu6zvfb4na2y	.eJxVjEsOwjAMBe-SNYrqxqlbluw5QxTHDi2gROpnhbg7VOoCtm9m3suEuK1j2BadwyTmbMCcfjeO6aFlB3KP5VZtqmWdJ7a7Yg-62GsVfV4O9-9gjMv4rRtPmJ0ipL6nzicEktRqxCzQMTeMHjMO4gjVAbYDEHFPDScCr86b9wfNLDcX:1vBlFl:VhtsOYkQpl5G4_8UhdR2yhnWUOeuM6TXs0f_53uwTGY	2025-11-06 02:40:37.542964+00
fvfgoh0x5j5pqkv4sqsssgyf6mkibp2f	.eJxVjEsOwjAMBe-SNYrqxqlbluw5QxTHDi2gROpnhbg7VOoCtm9m3suEuK1j2BadwyTmbMCcfjeO6aFlB3KP5VZtqmWdJ7a7Yg-62GsVfV4O9-9gjMv4rRtPmJ0ipL6nzicEktRqxCzQMTeMHjMO4gjVAbYDEHFPDScCr86b9wfNLDcX:1vBlFo:BaHRaVrG_Q9NkczqBw-Dh1lDsVMTmL8TknStngOvxAs	2025-11-06 02:40:40.231732+00
i2erx8hceaafz6fat748is5sn5juyfmg	.eJxVjEsOwjAMBe-SNYrqxqlbluw5QxTHDi2gROpnhbg7VOoCtm9m3suEuK1j2BadwyTmbMCcfjeO6aFlB3KP5VZtqmWdJ7a7Yg-62GsVfV4O9-9gjMv4rRtPmJ0ipL6nzicEktRqxCzQMTeMHjMO4gjVAbYDEHFPDScCr86b9wfNLDcX:1vDGmS:PlWSA1MQ30-iHJi9be0-_-v2uIMrlz5I0-koyoYc3y0	2025-11-10 06:32:36.65643+00
05qk0xax1lfrtdvohyuu7zlfoyumnwj4	.eJxVjEsOwjAMBe-SNYrqxqlbluw5QxTHDi2gROpnhbg7VOoCtm9m3suEuK1j2BadwyTmbMCcfjeO6aFlB3KP5VZtqmWdJ7a7Yg-62GsVfV4O9-9gjMv4rRtPmJ0ipL6nzicEktRqxCzQMTeMHjMO4gjVAbYDEHFPDScCr86b9wfNLDcX:1vEUH6:mFCItBifw2T36jlN12jYyKo04K4R3h50XrEgK28PCIg	2025-11-13 15:09:16.023056+00
tmrvt0jy5chp27iupqbmtl0qysycihh6	.eJxVjEsOwjAMBe-SNYrqxqlbluw5QxTHDi2gROpnhbg7VOoCtm9m3suEuK1j2BadwyTmbMCcfjeO6aFlB3KP5VZtqmWdJ7a7Yg-62GsVfV4O9-9gjMv4rRtPmJ0ipL6nzicEktRqxCzQMTeMHjMO4gjVAbYDEHFPDScCr86b9wfNLDcX:1vGvhW:I77v5bDoJIUQE9cJCLUUFfhqpa3524mv4WmPg8nKiDk	2025-11-20 08:50:38.118297+00
p5g3s06r0ejqi48uq5xgih30dyl5s2xp	.eJxVjEsOwjAMBe-SNYrqxqlbluw5QxTHDi2gROpnhbg7VOoCtm9m3suEuK1j2BadwyTmbMCcfjeO6aFlB3KP5VZtqmWdJ7a7Yg-62GsVfV4O9-9gjMv4rRtPmJ0ipL6nzicEktRqxCzQMTeMHjMO4gjVAbYDEHFPDScCr86b9wfNLDcX:1vHAfv:JvcomKUkR3ib0RYZqO1kJ7SY___5Lq9xtlHeNxgdhrI	2025-11-21 00:49:59.329117+00
iwyqis2kyfr3xiu57bhtrpk24uuajjqg	.eJxVjEsOwjAMBe-SNYrqxqlbluw5QxTHDi2gROpnhbg7VOoCtm9m3suEuK1j2BadwyTmbMCcfjeO6aFlB3KP5VZtqmWdJ7a7Yg-62GsVfV4O9-9gjMv4rRtPmJ0ipL6nzicEktRqxCzQMTeMHjMO4gjVAbYDEHFPDScCr86b9wfNLDcX:1vHNnp:nd7fyESOiy_IIl2IK7Pp8NevuH5VvQddnZe_eeSRTbg	2025-11-21 14:51:01.804196+00
lugzp7nroqpzhae7h1y39kfskgr31g0h	.eJxVjEsOwjAMBe-SNYrqxqlbluw5QxTHDi2gROpnhbg7VOoCtm9m3suEuK1j2BadwyTmbMCcfjeO6aFlB3KP5VZtqmWdJ7a7Yg-62GsVfV4O9-9gjMv4rRtPmJ0ipL6nzicEktRqxCzQMTeMHjMO4gjVAbYDEHFPDScCr86b9wfNLDcX:1vIjFt:LjcMImwo1PQzDCv8T2maUOmhRiZ7X3xBG4cypoozVmA	2025-11-25 07:57:33.82226+00
blce11iztfmb655ykkka7nvdqp4aw37a	.eJxVjEsOwjAMBe-SNYrqxqlbluw5QxTHDi2gROpnhbg7VOoCtm9m3suEuK1j2BadwyTmbMCcfjeO6aFlB3KP5VZtqmWdJ7a7Yg-62GsVfV4O9-9gjMv4rRtPmJ0ipL6nzicEktRqxCzQMTeMHjMO4gjVAbYDEHFPDScCr86b9wfNLDcX:1vIneq:pGPwbq3-q49rKgWYzs6B3N1SJhR7GpNuRo5ynPErFFk	2025-11-25 12:39:36.299515+00
\.


--
-- Data for Name: familyfees_family; Type: TABLE DATA; Schema: public; Owner: neondb_owner
--

COPY public.familyfees_family (id, name) FROM stdin;
1	Dadzie Family
3	Ampofo Family
4	Bruno Family
5	Donatella Family
6	Mintah Family
7	Arkoh Family
2	Mensah Family
8	George Yeboah Family
9	Larbi Family
10	Nyamekye Welder
11	Afowa family
12	Cailo Family
13	Meshack Ofosu Family
14	Ganyo Family
15	Sikapa family
\.


--
-- Data for Name: familyfees_family_members; Type: TABLE DATA; Schema: public; Owner: neondb_owner
--

COPY public.familyfees_family_members (id, family_id, user_id) FROM stdin;
1	1	97
2	1	147
3	2	145
4	2	146
5	3	104
6	3	75
7	4	124
8	4	125
9	4	126
10	5	156
11	5	158
12	6	168
13	6	93
14	6	94
15	7	112
16	7	169
17	8	170
18	8	171
19	8	159
20	9	172
21	9	173
22	9	174
23	10	178
24	10	179
25	10	180
26	11	128
27	11	121
28	12	100
29	12	191
30	13	101
31	13	95
32	14	114
33	14	115
34	14	111
35	15	194
36	15	164
\.


--
-- Data for Name: familyfees_familyfeerecord; Type: TABLE DATA; Schema: public; Owner: neondb_owner
--

COPY public.familyfees_familyfeerecord (id, amount_to_pay, amount_paid, balance, academic_year_id, family_id, term_id, date_created, is_fully_paid) FROM stdin;
3	680.00	680.00	0.00	1	2	1	2025-10-16 11:59:46.137129+00	t
4	690.00	690.00	0.00	1	3	1	2025-10-16 12:09:52.465141+00	t
5	890.00	500.00	390.00	1	4	1	2025-10-16 12:18:09.710778+00	f
8	710.00	240.00	470.00	1	7	1	2025-10-19 07:27:51.315098+00	f
2	600.00	400.00	200.00	1	1	1	2025-10-16 11:59:46.137129+00	f
7	870.00	700.00	170.00	1	6	1	2025-10-17 11:48:26.172678+00	f
9	870.00	870.00	0.00	1	8	1	2025-10-20 18:04:11.762776+00	t
6	680.00	580.00	100.00	1	5	1	2025-10-17 04:34:32.547599+00	f
15	690.00	340.00	350.00	1	13	1	2025-11-10 14:26:45.212537+00	f
16	1040.00	200.00	840.00	1	14	1	2025-11-11 19:44:22.810753+00	f
13	690.00	300.00	390.00	1	11	1	2025-11-10 09:40:03.123466+00	f
17	670.00	300.00	370.00	1	15	1	2025-11-17 08:28:37.975621+00	f
10	870.00	870.00	0.00	1	9	1	2025-10-21 09:13:47.462894+00	t
12	710.00	660.00	50.00	1	12	1	2025-11-10 09:25:49.530657+00	f
11	890.00	700.00	190.00	1	10	1	2025-10-28 17:26:07.972058+00	f
\.


--
-- Data for Name: familyfees_familypayment; Type: TABLE DATA; Schema: public; Owner: neondb_owner
--

COPY public.familyfees_familypayment (id, date, amount, payment_method, family_fee_record_id) FROM stdin;
4	2025-10-16	200.00	\N	2
5	2025-10-16	680.00	\N	3
6	2025-10-16	690.00	\N	4
7	2025-10-16	500.00	\N	5
8	2025-10-17	240.00	\N	6
9	2025-10-17	200.00	\N	6
10	2025-10-19	240.00	\N	8
11	2025-10-20	500.00	\N	9
12	2025-10-20	200.00	\N	9
13	2025-10-21	700.00	\N	10
14	2025-10-27	200.00	\N	2
15	2025-10-28	300.00	\N	11
16	2025-11-04	700.00	\N	7
17	2025-11-06	170.00	\N	9
18	2025-11-10	140.00	\N	6
19	2025-11-10	460.00	\N	12
20	2025-11-10	200.00	\N	13
22	2025-11-10	340.00	\N	15
23	2025-11-11	200.00	\N	16
24	2025-11-17	100.00	\N	13
25	2025-11-17	300.00	\N	17
26	2025-11-17	170.00	\N	10
27	2025-11-19	200.00	\N	12
28	2025-11-20	400.00	\N	11
\.


--
-- Data for Name: fees_feestructure; Type: TABLE DATA; Schema: public; Owner: neondb_owner
--

COPY public.fees_feestructure (id, amount, academic_year_id, grade_class_id, term_id) FROM stdin;
3	380.00	1	1	1
4	340.00	1	2	1
5	340.00	1	3	1
6	330.00	1	4	1
7	330.00	1	5	1
8	350.00	1	6	1
12	350.00	1	8	1
13	350.00	1	9	1
15	350.00	1	11	1
16	350.00	1	10	1
17	165.00	1	4	1
18	350.00	1	7	1
\.


--
-- Data for Name: fees_payment; Type: TABLE DATA; Schema: public; Owner: neondb_owner
--

COPY public.fees_payment (id, date, amount, payment_method, student_fee_record_id) FROM stdin;
2	2025-10-13	380.00	cash	3
4	2025-10-13	200.00	cash	5
5	2025-10-13	180.00	cash	5
6	2025-10-13	100.00	cash	6
7	2025-10-13	150.00	cash	7
8	2025-10-13	340.00	cash	8
9	2025-10-13	200.00	cash	9
10	2025-10-13	200.00	cash	10
11	2025-10-13	100.00	cash	11
12	2025-10-13	100.00	cash	11
13	2025-10-13	330.00	\N	12
14	2025-10-13	200.00	\N	13
15	2025-10-13	200.00	\N	17
16	2025-10-13	200.00	\N	18
17	2025-10-13	350.00	\N	19
18	2025-10-13	100.00	cash	20
19	2025-10-13	100.00	\N	20
24	2025-10-14	380.00	\N	29
25	2025-10-14	380.00	cash	30
28	2025-10-14	340.00	\N	32
29	2025-10-15	100.00	\N	33
30	2025-10-15	200.00	\N	34
31	2025-10-15	200.00	\N	35
32	2025-10-15	100.00	\N	36
33	2025-10-15	110.00	\N	37
34	2025-10-15	200.00	\N	38
35	2025-10-15	320.00	\N	39
36	2025-10-15	30.00	\N	39
37	2025-10-15	150.00	\N	40
38	2025-10-16	150.00	\N	41
39	2025-10-16	250.00	\N	42
40	2025-10-16	320.00	\N	43
41	2025-10-16	10.00	\N	43
42	2025-10-16	150.00	\N	44
43	2025-10-16	100.00	\N	44
44	2025-10-16	330.00	\N	45
45	2025-10-16	100.00	\N	46
46	2025-10-16	50.00	\N	46
47	2025-10-16	100.00	\N	46
48	2025-10-16	200.00	\N	47
49	2025-10-16	200.00	\N	48
50	2025-10-16	140.00	\N	48
51	2025-10-16	200.00	\N	49
52	2025-10-16	200.00	\N	50
53	2025-10-16	180.00	\N	50
54	2025-10-19	130.00	\N	51
55	2025-10-19	300.00	\N	52
56	2025-10-19	80.00	\N	52
57	2025-10-19	100.00	\N	57
58	2025-10-19	65.00	\N	57
59	2025-10-19	200.00	\N	58
60	2025-10-19	100.00	\N	60
61	2025-10-19	100.00	\N	60
62	2025-10-19	100.00	\N	20
63	2025-10-28	200.00	\N	61
64	2025-10-28	380.00	\N	63
65	2025-10-28	200.00	\N	64
66	2025-10-30	50.00	\N	33
67	2025-11-04	50.00	\N	20
68	2025-11-04	150.00	\N	65
69	2025-11-04	150.00	\N	41
70	2025-11-04	150.00	\N	66
71	2025-11-05	100.00	\N	58
72	2025-11-05	180.00	\N	62
73	2025-11-05	200.00	\N	67
74	2025-11-05	80.00	\N	42
75	2025-11-05	50.00	\N	46
76	2025-11-05	50.00	\N	33
77	2025-11-06	100.00	\N	68
78	2025-11-07	50.00	\N	68
79	2025-11-07	100.00	\N	51
80	2025-11-10	100.00	\N	68
81	2025-11-10	100.00	\N	69
82	2025-11-10	150.00	\N	69
83	2025-11-10	60.00	\N	60
84	2025-11-10	50.00	\N	44
85	2025-11-10	130.00	\N	10
86	2025-11-10	200.00	\N	70
87	2025-11-10	100.00	\N	70
88	2025-11-10	380.00	\N	71
89	2025-11-11	350.00	\N	72
90	2025-11-11	100.00	\N	73
91	2025-11-11	100.00	\N	36
92	2025-11-11	150.00	\N	74
93	2025-11-11	100.00	\N	75
94	2025-11-11	200.00	\N	76
95	2025-11-13	100.00	\N	77
96	2025-11-17	80.00	\N	7
97	2025-11-17	100.00	\N	65
98	2025-11-17	30.00	\N	41
99	2025-11-17	50.00	\N	58
100	2025-11-18	50.00	\N	66
101	2025-11-19	30.00	\N	44
102	2025-11-21	100.00	\N	66
103	2025-11-24	100.00	\N	75
104	2025-11-24	100.00	\N	76
105	2025-11-24	50.00	\N	77
106	2025-11-24	70.00	\N	38
107	2025-11-24	100.00	\N	40
108	2025-11-24	50.00	\N	64
109	2025-11-24	50.00	\N	33
\.


--
-- Data for Name: fees_studentfeerecord; Type: TABLE DATA; Schema: public; Owner: neondb_owner
--

COPY public.fees_studentfeerecord (id, amount_paid, balance, is_fully_paid, fee_structure_id, student_id, date_created) FROM stdin;
45	330.00	0.00	t	7	134	2025-10-16 05:40:42.623964+00
3	380.00	0.00	t	3	70	2025-10-13 16:36:31.691982+00
10	330.00	0.00	t	7	83	2025-10-13 16:36:31.691982+00
5	380.00	0.00	t	3	71	2025-10-13 16:36:31.691982+00
6	100.00	280.00	f	3	68	2025-10-13 16:36:31.691982+00
8	340.00	0.00	t	4	67	2025-10-13 16:36:31.691982+00
9	200.00	140.00	f	5	76	2025-10-13 16:36:31.691982+00
11	200.00	130.00	f	6	101	2025-10-13 16:36:31.691982+00
12	330.00	0.00	t	6	107	2025-10-13 16:36:31.691982+00
13	200.00	150.00	f	8	100	2025-10-13 16:36:31.691982+00
17	200.00	150.00	f	12	75	2025-10-13 16:52:25.402177+00
18	200.00	140.00	f	4	106	2025-10-13 17:00:30.803583+00
19	350.00	0.00	t	13	78	2025-10-13 17:10:23.877249+00
70	300.00	50.00	f	8	197	2025-11-10 11:28:45.542099+00
47	200.00	140.00	f	5	140	2025-10-16 07:11:10.897686+00
48	340.00	0.00	t	4	137	2025-10-16 08:04:55.613618+00
49	200.00	180.00	f	3	138	2025-10-16 08:19:20.861999+00
71	380.00	0.00	t	3	65	2025-11-10 14:54:08.511358+00
50	380.00	0.00	t	3	141	2025-10-16 09:17:21.26936+00
29	380.00	0.00	t	3	69	2025-10-14 19:04:23.492953+00
30	380.00	0.00	t	3	108	2025-10-14 20:22:57.312357+00
72	350.00	0.00	t	8	79	2025-11-11 07:58:51.334362+00
32	340.00	0.00	t	4	111	2025-10-14 21:02:03.188257+00
52	380.00	0.00	t	3	142	2025-10-19 08:41:04.078425+00
73	100.00	250.00	f	13	95	2025-11-11 07:59:45.529863+00
34	200.00	130.00	f	6	84	2025-10-15 20:25:28.102707+00
35	200.00	130.00	f	7	128	2025-10-15 20:41:09.173159+00
37	110.00	240.00	f	15	146	2025-10-15 22:28:51.345405+00
53	0.00	165.00	f	17	101	2025-10-19 09:59:45.352547+00
39	350.00	0.00	t	12	115	2025-10-15 22:41:22.892824+00
36	200.00	150.00	f	15	88	2025-10-15 22:28:51.022427+00
54	0.00	165.00	f	17	84	2025-10-19 09:59:46.943+00
43	330.00	0.00	t	6	133	2025-10-16 05:28:58.554298+00
74	150.00	230.00	f	3	161	2025-11-11 08:37:00.900234+00
56	0.00	165.00	f	17	133	2025-10-19 09:59:50.268584+00
57	165.00	0.00	t	17	130	2025-10-19 10:03:50.590472+00
59	0.00	350.00	f	8	150	2025-10-19 10:23:16.630007+00
61	200.00	140.00	f	4	175	2025-10-28 17:42:59.546056+00
63	380.00	0.00	t	3	174	2025-10-28 18:21:35.219222+00
20	350.00	0.00	t	13	80	2025-10-13 17:10:24.209975+00
62	180.00	200.00	f	3	173	2025-10-28 17:47:44.190378+00
67	200.00	150.00	f	16	125	2025-11-05 08:08:30.005689+00
42	330.00	0.00	t	6	136	2025-10-16 05:23:28.504126+00
46	300.00	30.00	f	7	132	2025-10-16 05:43:15.396516+00
7	230.00	150.00	f	3	81	2025-10-13 16:36:31.691982+00
65	250.00	100.00	f	12	120	2025-11-04 14:10:28.641834+00
51	230.00	110.00	f	5	104	2025-10-19 08:36:12.436027+00
68	250.00	80.00	f	7	153	2025-11-06 09:00:38.403633+00
41	330.00	0.00	t	7	103	2025-10-16 05:09:51.356222+00
69	250.00	100.00	f	8	77	2025-11-10 09:15:28.997036+00
60	260.00	90.00	f	12	151	2025-10-19 10:33:55.268815+00
58	350.00	0.00	t	18	147	2025-10-19 10:20:36.317125+00
44	330.00	0.00	t	6	135	2025-10-16 05:33:16.112832+00
66	300.00	30.00	f	6	179	2025-11-04 14:49:36.377399+00
75	200.00	150.00	f	15	164	2025-11-11 10:02:07.955+00
76	300.00	50.00	f	12	117	2025-11-11 12:33:57.516061+00
77	150.00	200.00	f	8	198	2025-11-13 09:59:19.205327+00
38	270.00	80.00	f	16	139	2025-10-15 22:36:11.341761+00
40	250.00	100.00	f	12	114	2025-10-15 22:47:08.090722+00
64	250.00	100.00	f	12	116	2025-10-28 18:39:08.45926+00
33	250.00	80.00	f	7	129	2025-10-15 19:56:16.319774+00
\.


--
-- Data for Name: principal_principalprofile; Type: TABLE DATA; Schema: public; Owner: neondb_owner
--

COPY public.principal_principalprofile (id, user_id) FROM stdin;
\.


--
-- Data for Name: staff_staffprofile; Type: TABLE DATA; Schema: public; Owner: neondb_owner
--

COPY public.staff_staffprofile (id, user_id) FROM stdin;
1	1
2	98
3	190
\.


--
-- Data for Name: student_academicyear; Type: TABLE DATA; Schema: public; Owner: neondb_owner
--

COPY public.student_academicyear (id, name) FROM stdin;
1	2025/2026
\.


--
-- Data for Name: student_gradeclass; Type: TABLE DATA; Schema: public; Owner: neondb_owner
--

COPY public.student_gradeclass (id, name, staff_id) FROM stdin;
1	creche	2
2	nursery 1	2
3	nursery 2	2
4	kg 1	2
5	kg 2	2
6	class 1	2
7	class 2	2
8	class 3	2
9	class 4	2
10	class 5	2
11	class 6	2
12	jhs 1	2
13	jhs 2	2
14	jhs 3	2
\.


--
-- Data for Name: student_studentprofile; Type: TABLE DATA; Schema: public; Owner: neondb_owner
--

COPY public.student_studentprofile (id, last_school_attended, class_seeking_admission_to, is_immunized, has_allergies, allergic_foods, has_peculiar_health_issues, health_issues, other_related_info, name_of_father, name_of_mother, occupation_of_father, occupation_of_mother, nationality_of_father, nationality_of_mother, contact_of_father, contact_of_mother, house_number, user_id, current_class) FROM stdin;
96	\N	\N	yes	no	\N	no	\N	\N	Felix Dadzie	Elizabeth Dadzie	\N	\N	Ghanaian	Ghanaian	0244730682	0249341294	MH 40/9	97	9
184	\N	\N	\N	\N	\N	\N	\N	\N	\N	\N	\N	\N	\N	\N	0246898922	0246898922	\N	186	9
79	\N	\N	yes	no	\N	no	\N	\N	Alex Amoasie	Agnes Yenu	Rewinder	Trader	Ghanaian	Ghanaian	0246645496	0240778774	\N	80	6
87	\N	kg	yes	no	\N	no	\N	\N	Lawrence Asare K.	Rosemond Asare	Teaching	\N	Ghanaian	Ghanaian	0245766735	0245702914	NS 10/30	88	9
91	\N	\N	yes	no	\N	no	\N	\N	Sebastian Kwesi Ahiable	Theresa Ofori Adjei	Teaching	Typist	Ghanaian	Ghanaian	0245980902	0245272449	NS 241/10	92	9
74	\N	Nursery	yes	no	\N	no	\N	a little bit difficult	Edward Yeboah Ampofo	Anna Sackey	Auto Mechanic	Administrative clerk	Ghanaian	Ghanaian	0241861382	0547944747	MH70/9	75	8
97	C.A.C	creche	yes	yes	Groundnut soup	yes	Eye Problem	\N	Richard Acquah	Grace Nyame	mechanic	House Keeping	Ghanaian	Ghanaian	0532416380	0543108512	NS 215/12	99	2
117	\N	\N	no	no	 	no	\N	\N	Randy Asare	Sheila Baiden	Trader	Trader	Ghanaian	Ghanaian	0243043900	0549370765	\N	119	8
118	\N	\N	no	no 	\N	no	\N	\N	Isaac Ansah	Ellen Ansah	Steel Bender	Business Woman	Ghanaian	Ghanaian	0533254698	0546589599	\N	120	8
119	Success Gate Academy	\N	yes	no 	\N	no	\N	\N	Benjamin Afful	Sabina Afful	masonry	trader	Ghanaian	Ghanaian	0249220522	0241246842	CO-0030-7172	121	8
185	\N	\N	\N	\N	\N	\N	\N	\N	\N	\N	\N	\N	\N	\N	0246898922	0246898922	\N	187	5
81	\N	\N	yes	no	\N	no	\N	\N	Abraham Kofi Sule	Grace Oti - Adjei	Painter	trader	Ghanaian	Ghanaian	0599634556	0535220641	315/10	82	1
92	Blessed Assurance Prep. School	\N	yes	no	\N	no	\N	\N	Benedict Kwesi Mintah	Sarah Gyasi	\N	\N	Ghanaian	Ghanaian	0543784758	0243307643	MD 36/9	93	8
82	\N	creche	\N	no	\N	no	\N	\N	Thomas Okyere	Janet Auther 	Driver	trader	Ghanaian	Ghanaian	0245864268	0247823594	494/9	83	2
83	\N	\N	yes	yes	Gari with beans	no	\N	\N	Peter Adjei	Lucy Adjei	Business man	Journalist	Ghanaian	Ghanaian	0543279537	0241208687	MH 41/9	84	5
95	\N	creche	yes	no	\N	no	\N	\N	Joseph Annan	Mary Arthur	Farmer	Trader	Ghanaian	Ghanaian	0547068449	0547068449	MH 63/9	96	9
115	\N	\N	no	yes	Beans	no	\N	\N	Samuel Koomsoon	Perpetual Sakyi	Tailor	Trader	Ghanaian	Ghanaian	0244077227	0245173168	\N	117	8
93	Blessed Assurance Prep. School	\N	yes	no	 	no	\N	\N	Benedict Kwesi Mintah	Sarah Gyasi	\N	\N	Ghanaian	Ghanaian	0543784758	0243307643	MD 36/9	94	9
121	\N	\N	yes	yes	Beans	no 	\N	\N	Bright FM Abban	Theresa Ackom	NAS	trader	Ghanaian	Ghanaian	0246532233	0247792191	NS 292/10	123	8
179	\N	\N	\N	\N	\N	\N	\N	\N	\N	\N	\N	\N	\N	\N	0598580720	0598580720	\N	181	4
71	King of glory	Nursery	no	no	\N	no	\N	\N	Elijah Biney	Abigail Auther	Driver	trader	Ghanaian	Ghanaian	0554246016	0541473757	\N	72	1
75	\N	kg1	no	no	\N	no	\N	\N	Ebenezer Arthur	Victoria Nkrumah	Purchasing Clerk	\N	Ghanaian	Ghanaian	0540750428	0240127525	BJ 284 KOFI KORMNCYE ST.	76	8
76	\N	\N	yes	no	\N	no	\N	\N	Maxwell Asare - Asiedu	Nana Ekua Barkson	Public servant	Public Servant	Ghanaian	Ghanaian	0248450590	0548086355	\N	77	3
78	\N	Nursery 1	yes 	no	\N	no	\N	\N	Emmanuel Abeiku	Grace Egyir	\N	\N	Ghanaian	Ghanaian	0246469841	0244502858	MH 2/9	79	9
99	\N	\N	yes	no	\N	no	\N	\N	Solomon Ofosu	Theresa Ofosu	Driver	trader	Ghanaian	Ghanaian	0595670927	0553491903	MH 519/14	101	3
85	\N	\N	yes	no	\N	no	\N	\N	Vicent Hammond	\N	\N	\N	Ghanaian	Ghanaian	0244423888	\N	\N	86	9
94	Apostolic Complex	\N	yes	no	\N	no	\N	\N	Solomon Ofosu	Theresa Amoh	Driver	trader	Ghanaian	Ghanaian	0595670927	0553491903	MH 56/9	95	7
116	\N	\N	no 	yes	Beans	yes 	Stomach and Headache	\N	Ben Amaning	Selina Gyan	Maison	Trader	Ghanaian	Ghanaian	0207900244	0599397215	NS 227/10	118	8
80	Success Gate Academy	KG 2 	yes	no	\N	yes	\N	Developmental Delay	Moses Anakwah Kyei	Bernice Anakwah Kyei	\N	Teacher	Ghanaian	Ghanaian	0248675358	0247790941	\N	81	9
89	\N	kg	yes	no	\N	no	\N	\N	Christopher Amoanyi	Lydia Donkoh	Teacher	Trader	Ghanaian	Ghanaian	0245424585	0247566924	64/10 NSUSOSOSO	90	9
84	nan	\N	yes	no	nan	no	nan	nan	Bernard Ahoto	Dunya Olivia	masonry	Seamstress	Ghanaian	Ghanaian	0256701567	0532729761	MD 623/9	85	4
120	\N	\N	no	yes	Beans and Gari	no	\N	\N	Alfred Sam	Joana Quainoo	masonry	Trader	Ghanaian	Ghanaian	0246861527	0558286552	\N	122	8
114	Salvation Army	\N	no	yes 	fufu	yes	asthmatic	\N	Benjamin Marfo	Comfort Sackey	driver	Trader	Ghanaian	Ghanaian	0549605899	0534014247	\N	116	8
88	\N	\N	yes	yes 	Rice Balls	no 	\N	\N	Bright Kobina Sam	Margaret Sam	\N	\N	Ghanaian	Ghanaian	0248178775	0550234225	MH 67/9	89	11
123	Assemblies of God	\N	yes	no	\N	\N	\N	\N	Emmanuel Bruno	Mabel Ekwam Bruno	Building Contractor	trader	Ghanaian	Ghanaian	0246951455	0242684572	CO-0015-0520	125	8
77	\N	Nursery 1	yes	no	\N	no	\N	\N	Believer Agboba	Sandra Banatom	\N	\N	Ghanaian	Ghanaian	0542776117	0556780997	MD 619/9	78	6
86	\N	\N	yes	yes	Beans	no	\N	\N	\N	Sabina Esi Kumi 	\N	\N	Ghanaian	Ghanaian	0245077487	\N	MH 13/9	87	9
122	\N	\N	yes	no	\N	no	\N	\N	Emmanuel Bruno	Mabel Ekwam Bruno	Engineer	Trader	Ghanaian	Ghanaian	0246951455	0242684572	CO-0015-0520	124	8
124	Assemblies of God	\N	yes	no	\N	\N	\N	\N	Emmanuel Bruno	Mabel Ekwam Bruno	Building Contractor	trader	Ghanaian	Ghanaian	0246951455	0242684572	CO-0015-0520	126	1
90	\N	KG 2 	yes	no	\N	no	\N	\N	Sebastian Kwesi Ahiable	Theresa Ofori Adjei	Teaching	Typist	Ghanaian	Ghanaian	0245980902	0245272449	NS 241/10	91	11
196	\N	\N	\N	\N	\N	\N	\N	\N	\N	\N	\N	\N	\N	\N	0543661177	0543661177	\N	191	1
98	Leaders Complex Academy	\N	yes	\N	All foods containging beans(Soy bean, koose bean, black eyed beanΓÇª etc) and plantain)	no	\N		Isaac Opare Quaye	Anita Acheampong	Police Officer	Lecturer	Ghanaian	Ghanaian	0543661177	0501213049	MH 27/9	100	3
197	\N	\N	\N	\N	\N	\N	\N	\N	\N	\N	\N	\N	\N	\N	0539868288	0539868288	\N	192	6
198	\N	\N	\N	\N	\N	\N	\N		\N	\N	\N	\N	\N	\N	0247838486	\N	\N	193	6
199	\N	\N	\N	\N	\N	\N	\N		\N	\N	\N	\N	\N	\N	0248754494	0248754494	\N	194	4
170	\N	\N	\N	\N	\N	\N	\N	\N	Emmanuel Pensah	Leticia Mensah	Trader	Trader	Ghanaian	Ghanaian	0243774692	0243774692	\N	172	11
165	\N	\N	no	yes	Eba, Yellow rice	no 	\N	\N	Emmanuel Agyrey	Rose Bermpong	\N	\N	Ghanaian	Ghanaian	0256596282	0556006080	\N	167	4
166	Blessed Assurance Prep. School	\N	yes	no	\N	no	\N	\N	Benedict Kwesi Mintah	Sarah Gyasi	\N	\N	Ghanaian	Ghanaian	0543784758	0243307643	MD 36/9	168	2
169	AGMS	\N	yes	no	\N	no	\N	\N	Foster Yeboah	Eunice Amaning	Electrician	Trader	Ghanaian	Ghanaian	0545350088	0246956426	NS - 227 - 110	171	2
162	\N	\N	no 	no	\N	no	\N	\N	Dennis Kwakye Appianing	Matilda Ewudzie	Teacher	Trading	Ghanaian	Ghanaian	0248754494	0593082381	\N	164	3
161	\N	\N	no	no	\N	no	\N	\N	Eric Ansah	Grace Ofori	self employed	self employed	Ghanaian	Ghanaian	0543469945	0532807776	\N	163	1
126	\N	\N	yes	no	\N	no	\N	\N	Benjamin Afful	Sabina Afful	masonry	Trader	Ghanaian	Ghanaian	0249220522	0241246842	C0-0030-7172	128	2
147	\N	\N	\N	\N	\N	\N	\N	\N	Kofi	Efe	\N	\N	\N	Ghanaian	0542199592	0595947343	\N	149	7
130	twinkle star day care	\N	yes	no	\N	\N	\N	\N	Osman Pelpuo	Beatrice Agyemang	\N	Teacher	Ghanaian	Ghanaian	0552503776	0246922004	\N	132	4
150	Twinkle Star Day care	kg 2	no	no	\N	\N	\N	\N	Isaac Otabil	Lydia Ayiah	Baker	Trader	Ghanaian	Ghanaian	0245449031	0545891190	WA /123/4	152	6
65	\N	\N	no	no	\N	no	\N	\N	Nkansah Samuel	Regina Otoo	mechanic	trader	Ghanaian	Ghanaian	0249891601	5414805333	CO-0015-6817	66	1
172	\N	\N	\N	\N	\N	\N	\N	\N	Emmanuel Pensah	Leticia Mensah	Trader	Trader	Ghanaian	Ghanaian	0243774692	0243774692	\N	174	9
167	 	\N	no	no	\N	no	\N	\N	Ebenezer Arkoh	Victoria Nyame	Constructor	trader	Ghanaian	Ghanaian	0549821786	0256242568	\N	169	1
176	\N	\N	\N	\N	Beans	no	\N	\N	Samuel Adu-Marboah	Anita Adu-Marboah	Welder	Baker	Ghanaian	Ghanaian	0249428289	0542364261	MD 512-9	178	1
163	\N	\N	yes	no	\N	no	\N	\N	Ebeneser K. Asherow	Sabina Esi Kumi 	Farmer	Trader	Ghanaian	Ghanaian	0245077487	0543161188	MH 13/9	165	4
68	\N	chreche	yes	no	\N	no	\N	\N	Ernest Fosu	Ernestina Fosu Korda	Pastor	Seamstress	Ghanaian	Ghanaian	0243081535	0544479394	CO-0015-9352	69	1
164	\N	\N	no	no	 	no	\N	\N	Randy Asare	Sheila Baiden	Trader	Trader	Ghanaian	Ghanaian	0243043900	0549370765	\N	166	11
158	\N	\N	yes	no	\N	no	\N	\N	\N	Irene Kwaitoo	\N	Facilitator	Ghanaian	Ghanaian	0241656149	0241656149	\N	160	7
148	Polaris Academy	nursery	no	yes	Beans	yes	He is G6PD deficient	he is not supposed to take drugs without prescription	Eric Addo	Erica Ofosu Addo	Building Contractor	Lab Scientist	Ghanaian	Ghanaian	0532461394	0548850124	\N	150	3
171	\N	\N	\N	\N	\N	\N	\N	\N	Emmanuel Pensah	Leticia Mensah	Trader	Trader	Ghanaian	Ghanaian	0243774692	0243774692	\N	173	2
128	King of glory	\N	yes	yes	Indomie, Pork	no	\N	\N	Raymond Dadzie	Lois Dadzie	Accountant	Poultry Farmer	Ghanaian	Ghanaian	0244446781	0249251741	NS 241-10	130	5
168	AGMS	\N	yes	no	\N	no	\N	\N	Foster Yeboah	Eunice Amaning	Electrician	Trader	Ghanaian	Ghanaian	0545350088	0246956426	NS - 227 - 110	170	9
151	\N	\N	no	yes	cocoyam, Beans, Akpole And Sugery foods	no	\N	\N	Abban	Grace	Farmer	Farmer	Ghanaian	Ghanaian	0249768747	0245716161	MH 93-9	153	8
152	\N	\N	\N	\N	\N	\N	\N	\N	Andy Otoo	Jennifer Owusu	Driver	Dress Seller	Ghanaian	Ghanaian	0248076761	0551424325	MD 633-9	154	7
70	\N	Nursery	yes	no	\N	yes	Eye (right)	she has undergon an eye surgery (last year)	Stephen K. Boah	Vivian Ansah Ackom	Architect	Midwife	Ghanaian	Ghanaian	0548697421	0549328229	yaa kyurn Bk108	71	1
177	Abok Memorial school	\N	\N	\N	\N	no	\N	\N	Samuel Adu-Marboah	Anita Adu-Marboah	Welder	Baker	Ghanaian	Ghanaian	0249428289	0542364261	MD 512-9	179	9
153	\N	kg2	yes	no	\N	\N	\N	\N	Richard Arthur	Polina Aidoo	Mechanic	Trader	Ghanaian	Ghanaian	0249245434	0558204488	CO-0031-1993	155	5
67	Queen Esther prep. School	Nursery	yes	no	\N	no	\N	\N	Homey Bright	Kesi Susan	Driver	Sales Personal	Ghanaian	Ghanaian	0554885693	0542738888	\N	68	2
159	\N	\N	no	yes	\N	no	\N	\N	\N	\N	\N	\N	\N	\N	0533254698	0546589599	\N	161	9
149	Polaris Academy	class 2	no	no	\N	no	\N	\N	Eric Addo	Erica Ofosu Addo	Building Contractor	Lab Scientist	Ghanaian	Ghanaian	0532461394	0548850124	\N	151	7
69	Janro Academy	KG1	no	no	\N	no	\N	\N	Samuel Afful	Joyce Oduro	Music Producer	Seamstress	Ghanaian	Ghanaian	0543719591	0541484405	\N	70	1
154	Twinkle Star Day care	\N	yes	no	\N	\N	\N	\N	Michael Nana Amankwanor	Charity Nkuma Amoaning	draughtsmanship	Hair Dresser	Ghanaian	Ghanaian	0247412669	0245649230	\N	156	10
173	\N	\N	\N	yes	banku	\N	\N	\N	Fred Adjei Mensah	Victoria Rockson	Business Man	Trader	Ghanaian	Ghanaina	0554700135	0540329706	\N	175	1
72	\N	Nursery	yes	no	\N	no	\N	currently she can't walk well. Please assist her in walking	Edward Aquah	Irene Amponsah Essel	Workshop Technician	Teacher	Ghanaian	Ghanaian	0203218292	0546407893	Ya 15/12 A	73	5
73	\N	chreche	no	no	\N	no	\N	\N	Isaac Arthur	Elizabeth Afful	Barbar	Hairdressing	Ghanaian	Ghanaian	0544622299	0241651317	\N	74	7
156	Twinkle Star Day care	\N	yes	no	\N	\N	\N	\N	Michael Nana Amankwanor	Charity Nkuma Amoaning	draughtsmanship	Hair Dresser	Ghanaian	Ghanaian	0247412669	0245649230	\N	158	4
157	\N	\N	yes	no	\N	no	\N	\N	Foster Yeboah	Eunice Amaning	Electrician	Trader	Ghanaian	Ghanaian	0545350088	0246956426	NS - 227 - 110	159	7
175	blessed Assurance	nursery 1	no	no	\N	no	\N	\N	Enock Adoh	Millicent Oduro	Driver	Trader	Ghanaian	Ghanaian	0249221660	0531739740	\N	177	2
127	\N	\N	no 	no	\N	no	\N	\N	Joseph Nyamevor	Jennifer Owusu	Driver	dress seller	Ghanaian	Ghanaian	0248076761	0551424325	MD 366/9	129	6
160	\N	\N	yes	no	\N	no	\N	\N	\N	Irene Kwaitoo	\N	Facilitator	Ghanaian	Ghanaian	0241656149	0241656149	\N	162	9
129	\N	\N	\N	\N	\N	\N	\N	\N	Salisu	Salamatu	\N	\N	Ghanaian	Ghanaian	0242715514	0553488520	\N	131	5
125	twinkle star day care	\N	yes	no	\N	no	\N	\N	Christopher Kwesi Ayim	Martha Yaa Ayim	Teaching	Teaching	Ghanaian	Ghanaian	0549223419	0547981198	C0-0004-7545	127	10
111	\N	Nursery 1	no  	no	\N	no	\N	\N	Patrick Bassoah	Dorithy Quaye	\N	\N	Ghanaian	Ghanaian	0247633503	0241690416	MD 656/9	113	2
112	QueensKings Academy	class 2	no	yes	Jollof rice and Shito	no	\N	\N	Alex Gyanyo	Deborah Gurah	Driver	trader	Ghanaian	Ghanaian	0538984324	0531766425	27/14	114	7
132	\N	\N	\N	\N	\N	\N	\N	\N	\N	\N	\N	\N	Ghanaian	Ghanaian	0543357761	0543357761	\N	134	5
183	\N	\N	\N	\N	Beans	no	\N	\N	Samuel Adu-Marboah	Anita Adu-Marboah	Welder	Baker	Ghanaian	Ghanaian	0249428289	0542364261	MD 512-9	185	8
113	\N	Nursery 1	no	no 	\N	no	\N	\N	Alex Gyanyo	Deborah Gurah	Driver	trader	Ghanaian	Ghanaian	0538984324	0531766425	27/14	115	2
174	\N	creche	yes	no	\N	no	\N	He can't feed himself. Food must be fed by someone	Richard Kojo Addo	Eva Appia Quaye	Business Man	Nurse	Ghanaian	Ghanaian	0548045399	0537571044	MD 659/9	176	1
133	\N	\N	\N	\N	\N	\N	\N	\N	\N	\N	\N	\N	\N	\N	0530376302	0530376302	\N	135	4
100	First Centuary Prep. Sch.	kg2 	yes	no	\N	no	\N	\N	Seth Appea-Apreku Owiredu	Irene Appea-Apreku Owiredu	Journalist	Administrator	Ghanaian	Ghanaian	0244678226	0208455305	MD 640/9	102	6
101	\N	creche	yes	no	\N	no	\N	\N	Edmund Kofi Gyan Sekyere	Joana Gyan Sekyere	Casual Worker	Business Woman	Ghanaian	Ghanaian	0243352028	0243088742	MD 646/9	103	4
134	\N	\N	\N	\N	\N	\N	\N	\N	\N	\N	\N	\N	\N	\N	0559610656	0559610656	\N	136	5
102	\N	creche	yes	no	\N	\N	\N	He is a pre-term child and needs extra care	Edward Yeboah Ampofo	Anna Sackey	mechanic	Administrative clerk	Ghanaian	Ghanaian	0241861382	0547944747	MH 70/9	104	2
143	nan	\N	nan	\N	nan	\N	nan	nan	Godfred Mensah	Gladys Mensah Sackey	Teacher	Banker	Ghanaian	Ghanaian	0246898922	0246898922	nan	145	9
178	\N	\N	\N	\N	Beans	no	\N	\N	Samuel Adu-Marboah	Anita Adu-Marboah	Welder	Baker	Ghanaian	Ghanaian	0249428289	0542364261	MD 512-9	180	8
103	\N	Nursery 1	yes	no	\N	no	\N	\N	Jacob Randy Dickson	Esther Brew	Farmer	Teader	Ghanaian	Ghanaian	0555101040	0537150359	WA 14/31	105	5
135	\N	\N	\N	\N	\N	\N	\N	\N	\N	\N	\N	\N	\N	\N	0540901838	0540901838	\N	137	4
136	\N	\N	\N	\N	\N	\N	\N	\N	\N	\N	\N	\N	\N	\N	0554246016	0541473757	\N	138	4
137	\N	\N	\N	\N	\N	\N	\N	\N	\N	\N	\N	\N	\N	\N	0256503657	0256503657	\N	139	2
104	Blesed Little	Nursery 1	no	yes	too much papper	no	\N	\N	Emmanuel Obeng	Gifty Aidoo	\N	\N	Ghanaian	Ghanaian	0554845413	0256786281	HC 846	106	3
105	\N	Nursery 1	yes	no	\N	no	\N	\N	Christopher Amoanyi	Lydia Donkoh	Teaching	trader	Ghanaian	Ghanaian	0245424585	0247566924	NS 64/10	107	2
106	\N	\N	yes	no	\N	no	\N	\N	Raymond Dadzie	Lois Adu-Boahene	Accountant	\N	Ghanaian	Ghanaian	0244446781	0249251741	NS 241/10	108	2
107	\N	\N	yes	no	\N	no	\N	\N	Kojo Appah-Kum	Margaret Kuranchie	Accounts Officer	Accounts Officer	Ghanaian	Ghanaian	0246364382	0242830458	NS 241/10	109	4
108	\N	creche	yes	no	 	no	\N	\N	Jeff Amoaku	Sandra Amoaku 	Banker	Nurse	Ghanaian	Ghanaian	0245902055	0557566068	\N	110	1
109	QueensKings Academy	\N	yes	yes	Jollof rice and Shito	no	\N	\N	Alex Gyanyo	Deborah Gurah	Driver	trader	Ghanaian	Ghanaian	0538984324	0531766425	27/14	111	4
110	Marygold	kg2 	no	no	\N	no	\N	\N	Ebenezer Arkoh	Victoria Nyame	Constructor	trader	Ghanaian	Ghanaian	0549821786	0256242568	\N	112	4
145	nan	\N	nan	\N	nan	\N	nan	nan	nan	nan	nan	nan	nan	nan	0244730682	0244730682	nan	147	6
144	Twinkle Star Day Care	\N	nan	\N	nan	\N	nan	nan	Godfred Mensah	Gladys Mensah Sackey	Teacher	Banker	Ghanaian	Ghanaian	0246898922	0246898922	nan	146	5
140	\N	\N	\N	\N	\N	\N	\N	\N	\N	\N	\N	\N	\N	\N	0557544883	0557544883	\N	142	3
138	\N	\N	\N	\N	\N	\N	\N	\N	\N	\N	\N	\N	\N	\N	0240256100	0240256100	\N	140	1
139	\N	\N	\N	\N	\N	\N	\N	\N	\N	\N	\N	\N	\N	\N	0240256100	0240256100	\N	141	10
141	\N	\N	\N	\N	\N	\N	\N	\N	\N	\N	\N	\N	\N	\N	0540750426	0540750426	\N	143	1
142	\N	\N	\N	\N	\N	\N	\N	\N	\N	\N	\N	\N	\N	\N	0205669296	0205669296	\N	144	1
146	\N	\N	\N	\N	\N	\N	\N	\N	\N	\N	\N	\N	\N	\N	0546312435	0546312435	\N	148	11
\.


--
-- Data for Name: student_studentsubjectrecord; Type: TABLE DATA; Schema: public; Owner: neondb_owner
--

COPY public.student_studentsubjectrecord (id, class_score, exam_score, total_score, grade, student_term_record_id, subject_id) FROM stdin;
\.


--
-- Data for Name: student_studenttermrecord; Type: TABLE DATA; Schema: public; Owner: neondb_owner
--

COPY public.student_studenttermrecord (id, attendance, comments, grade_class_id, student_id, term_id) FROM stdin;
2	0		1	70	1
3	0		1	69	1
4	0		1	71	1
5	0		1	68	1
6	0		1	81	1
7	0		2	67	1
8	0		3	76	1
9	0		5	83	1
10	0		8	75	1
11	0		9	78	1
12	0		9	80	1
13	0		11	88	1
14	0		4	101	1
15	0		6	100	1
16	0		2	106	1
65	0		3	104	1
66	0		2	111	1
67	0		5	129	1
68	0		4	84	1
69	0		5	128	1
70	0		11	146	1
71	0		10	139	1
72	0		8	115	1
73	0		8	114	1
74	0		5	103	1
75	0		4	136	1
76	0		4	133	1
\.


--
-- Data for Name: student_subject; Type: TABLE DATA; Schema: public; Owner: neondb_owner
--

COPY public.student_subject (id, name) FROM stdin;
\.


--
-- Data for Name: student_term; Type: TABLE DATA; Schema: public; Owner: neondb_owner
--

COPY public.student_term (id, name, academic_year_id) FROM stdin;
1	1st Term	1
\.


--
-- Name: account_user_groups_id_seq; Type: SEQUENCE SET; Schema: public; Owner: neondb_owner
--

SELECT pg_catalog.setval('public.account_user_groups_id_seq', 1, false);


--
-- Name: account_user_id_seq; Type: SEQUENCE SET; Schema: public; Owner: neondb_owner
--

SELECT pg_catalog.setval('public.account_user_id_seq', 194, true);


--
-- Name: account_user_user_permissions_id_seq; Type: SEQUENCE SET; Schema: public; Owner: neondb_owner
--

SELECT pg_catalog.setval('public.account_user_user_permissions_id_seq', 1, false);


--
-- Name: auth_group_id_seq; Type: SEQUENCE SET; Schema: public; Owner: neondb_owner
--

SELECT pg_catalog.setval('public.auth_group_id_seq', 1, false);


--
-- Name: auth_group_permissions_id_seq; Type: SEQUENCE SET; Schema: public; Owner: neondb_owner
--

SELECT pg_catalog.setval('public.auth_group_permissions_id_seq', 1, false);


--
-- Name: auth_permission_id_seq; Type: SEQUENCE SET; Schema: public; Owner: neondb_owner
--

SELECT pg_catalog.setval('public.auth_permission_id_seq', 84, true);


--
-- Name: django_admin_log_id_seq; Type: SEQUENCE SET; Schema: public; Owner: neondb_owner
--

SELECT pg_catalog.setval('public.django_admin_log_id_seq', 359, true);


--
-- Name: django_content_type_id_seq; Type: SEQUENCE SET; Schema: public; Owner: neondb_owner
--

SELECT pg_catalog.setval('public.django_content_type_id_seq', 21, true);


--
-- Name: django_migrations_id_seq; Type: SEQUENCE SET; Schema: public; Owner: neondb_owner
--

SELECT pg_catalog.setval('public.django_migrations_id_seq', 37, true);


--
-- Name: familyfees_family_id_seq; Type: SEQUENCE SET; Schema: public; Owner: neondb_owner
--

SELECT pg_catalog.setval('public.familyfees_family_id_seq', 15, true);


--
-- Name: familyfees_family_members_id_seq; Type: SEQUENCE SET; Schema: public; Owner: neondb_owner
--

SELECT pg_catalog.setval('public.familyfees_family_members_id_seq', 36, true);


--
-- Name: familyfees_familyfeerecord_id_seq; Type: SEQUENCE SET; Schema: public; Owner: neondb_owner
--

SELECT pg_catalog.setval('public.familyfees_familyfeerecord_id_seq', 17, true);


--
-- Name: familyfees_familypayment_id_seq; Type: SEQUENCE SET; Schema: public; Owner: neondb_owner
--

SELECT pg_catalog.setval('public.familyfees_familypayment_id_seq', 28, true);


--
-- Name: fees_feestructure_id_seq; Type: SEQUENCE SET; Schema: public; Owner: neondb_owner
--

SELECT pg_catalog.setval('public.fees_feestructure_id_seq', 18, true);


--
-- Name: fees_payment_id_seq; Type: SEQUENCE SET; Schema: public; Owner: neondb_owner
--

SELECT pg_catalog.setval('public.fees_payment_id_seq', 109, true);


--
-- Name: fees_studentfeerecord_id_seq; Type: SEQUENCE SET; Schema: public; Owner: neondb_owner
--

SELECT pg_catalog.setval('public.fees_studentfeerecord_id_seq', 77, true);


--
-- Name: principal_principalprofile_id_seq; Type: SEQUENCE SET; Schema: public; Owner: neondb_owner
--

SELECT pg_catalog.setval('public.principal_principalprofile_id_seq', 1, false);


--
-- Name: staff_staffprofile_id_seq; Type: SEQUENCE SET; Schema: public; Owner: neondb_owner
--

SELECT pg_catalog.setval('public.staff_staffprofile_id_seq', 3, true);


--
-- Name: student_academicyear_id_seq; Type: SEQUENCE SET; Schema: public; Owner: neondb_owner
--

SELECT pg_catalog.setval('public.student_academicyear_id_seq', 3, true);


--
-- Name: student_gradeclass_id_seq; Type: SEQUENCE SET; Schema: public; Owner: neondb_owner
--

SELECT pg_catalog.setval('public.student_gradeclass_id_seq', 14, true);


--
-- Name: student_studentprofile_id_seq; Type: SEQUENCE SET; Schema: public; Owner: neondb_owner
--

SELECT pg_catalog.setval('public.student_studentprofile_id_seq', 199, true);


--
-- Name: student_studentsubjectrecord_id_seq; Type: SEQUENCE SET; Schema: public; Owner: neondb_owner
--

SELECT pg_catalog.setval('public.student_studentsubjectrecord_id_seq', 1, false);


--
-- Name: student_studenttermrecord_id_seq; Type: SEQUENCE SET; Schema: public; Owner: neondb_owner
--

SELECT pg_catalog.setval('public.student_studenttermrecord_id_seq', 76, true);


--
-- Name: student_subject_id_seq; Type: SEQUENCE SET; Schema: public; Owner: neondb_owner
--

SELECT pg_catalog.setval('public.student_subject_id_seq', 1, false);


--
-- Name: student_term_id_seq; Type: SEQUENCE SET; Schema: public; Owner: neondb_owner
--

SELECT pg_catalog.setval('public.student_term_id_seq', 4, true);


--
-- Name: account_user_groups account_user_groups_pkey; Type: CONSTRAINT; Schema: public; Owner: neondb_owner
--

ALTER TABLE ONLY public.account_user_groups
    ADD CONSTRAINT account_user_groups_pkey PRIMARY KEY (id);


--
-- Name: account_user_groups account_user_groups_user_id_group_id_4d09af3e_uniq; Type: CONSTRAINT; Schema: public; Owner: neondb_owner
--

ALTER TABLE ONLY public.account_user_groups
    ADD CONSTRAINT account_user_groups_user_id_group_id_4d09af3e_uniq UNIQUE (user_id, group_id);


--
-- Name: account_user account_user_pkey; Type: CONSTRAINT; Schema: public; Owner: neondb_owner
--

ALTER TABLE ONLY public.account_user
    ADD CONSTRAINT account_user_pkey PRIMARY KEY (id);


--
-- Name: account_user account_user_user_id_key; Type: CONSTRAINT; Schema: public; Owner: neondb_owner
--

ALTER TABLE ONLY public.account_user
    ADD CONSTRAINT account_user_user_id_key UNIQUE (user_id);


--
-- Name: account_user_user_permissions account_user_user_permis_user_id_permission_id_48bdd28b_uniq; Type: CONSTRAINT; Schema: public; Owner: neondb_owner
--

ALTER TABLE ONLY public.account_user_user_permissions
    ADD CONSTRAINT account_user_user_permis_user_id_permission_id_48bdd28b_uniq UNIQUE (user_id, permission_id);


--
-- Name: account_user_user_permissions account_user_user_permissions_pkey; Type: CONSTRAINT; Schema: public; Owner: neondb_owner
--

ALTER TABLE ONLY public.account_user_user_permissions
    ADD CONSTRAINT account_user_user_permissions_pkey PRIMARY KEY (id);


--
-- Name: auth_group auth_group_name_key; Type: CONSTRAINT; Schema: public; Owner: neondb_owner
--

ALTER TABLE ONLY public.auth_group
    ADD CONSTRAINT auth_group_name_key UNIQUE (name);


--
-- Name: auth_group_permissions auth_group_permissions_group_id_permission_id_0cd325b0_uniq; Type: CONSTRAINT; Schema: public; Owner: neondb_owner
--

ALTER TABLE ONLY public.auth_group_permissions
    ADD CONSTRAINT auth_group_permissions_group_id_permission_id_0cd325b0_uniq UNIQUE (group_id, permission_id);


--
-- Name: auth_group_permissions auth_group_permissions_pkey; Type: CONSTRAINT; Schema: public; Owner: neondb_owner
--

ALTER TABLE ONLY public.auth_group_permissions
    ADD CONSTRAINT auth_group_permissions_pkey PRIMARY KEY (id);


--
-- Name: auth_group auth_group_pkey; Type: CONSTRAINT; Schema: public; Owner: neondb_owner
--

ALTER TABLE ONLY public.auth_group
    ADD CONSTRAINT auth_group_pkey PRIMARY KEY (id);


--
-- Name: auth_permission auth_permission_content_type_id_codename_01ab375a_uniq; Type: CONSTRAINT; Schema: public; Owner: neondb_owner
--

ALTER TABLE ONLY public.auth_permission
    ADD CONSTRAINT auth_permission_content_type_id_codename_01ab375a_uniq UNIQUE (content_type_id, codename);


--
-- Name: auth_permission auth_permission_pkey; Type: CONSTRAINT; Schema: public; Owner: neondb_owner
--

ALTER TABLE ONLY public.auth_permission
    ADD CONSTRAINT auth_permission_pkey PRIMARY KEY (id);


--
-- Name: django_admin_log django_admin_log_pkey; Type: CONSTRAINT; Schema: public; Owner: neondb_owner
--

ALTER TABLE ONLY public.django_admin_log
    ADD CONSTRAINT django_admin_log_pkey PRIMARY KEY (id);


--
-- Name: django_content_type django_content_type_app_label_model_76bd3d3b_uniq; Type: CONSTRAINT; Schema: public; Owner: neondb_owner
--

ALTER TABLE ONLY public.django_content_type
    ADD CONSTRAINT django_content_type_app_label_model_76bd3d3b_uniq UNIQUE (app_label, model);


--
-- Name: django_content_type django_content_type_pkey; Type: CONSTRAINT; Schema: public; Owner: neondb_owner
--

ALTER TABLE ONLY public.django_content_type
    ADD CONSTRAINT django_content_type_pkey PRIMARY KEY (id);


--
-- Name: django_migrations django_migrations_pkey; Type: CONSTRAINT; Schema: public; Owner: neondb_owner
--

ALTER TABLE ONLY public.django_migrations
    ADD CONSTRAINT django_migrations_pkey PRIMARY KEY (id);


--
-- Name: django_session django_session_pkey; Type: CONSTRAINT; Schema: public; Owner: neondb_owner
--

ALTER TABLE ONLY public.django_session
    ADD CONSTRAINT django_session_pkey PRIMARY KEY (session_key);


--
-- Name: familyfees_family_members familyfees_family_members_family_id_user_id_fe1f78f8_uniq; Type: CONSTRAINT; Schema: public; Owner: neondb_owner
--

ALTER TABLE ONLY public.familyfees_family_members
    ADD CONSTRAINT familyfees_family_members_family_id_user_id_fe1f78f8_uniq UNIQUE (family_id, user_id);


--
-- Name: familyfees_family_members familyfees_family_members_pkey; Type: CONSTRAINT; Schema: public; Owner: neondb_owner
--

ALTER TABLE ONLY public.familyfees_family_members
    ADD CONSTRAINT familyfees_family_members_pkey PRIMARY KEY (id);


--
-- Name: familyfees_family familyfees_family_name_key; Type: CONSTRAINT; Schema: public; Owner: neondb_owner
--

ALTER TABLE ONLY public.familyfees_family
    ADD CONSTRAINT familyfees_family_name_key UNIQUE (name);


--
-- Name: familyfees_family familyfees_family_pkey; Type: CONSTRAINT; Schema: public; Owner: neondb_owner
--

ALTER TABLE ONLY public.familyfees_family
    ADD CONSTRAINT familyfees_family_pkey PRIMARY KEY (id);


--
-- Name: familyfees_familyfeerecord familyfees_familyfeereco_family_id_term_id_academ_703d8806_uniq; Type: CONSTRAINT; Schema: public; Owner: neondb_owner
--

ALTER TABLE ONLY public.familyfees_familyfeerecord
    ADD CONSTRAINT familyfees_familyfeereco_family_id_term_id_academ_703d8806_uniq UNIQUE (family_id, term_id, academic_year_id);


--
-- Name: familyfees_familyfeerecord familyfees_familyfeerecord_pkey; Type: CONSTRAINT; Schema: public; Owner: neondb_owner
--

ALTER TABLE ONLY public.familyfees_familyfeerecord
    ADD CONSTRAINT familyfees_familyfeerecord_pkey PRIMARY KEY (id);


--
-- Name: familyfees_familypayment familyfees_familypayment_pkey; Type: CONSTRAINT; Schema: public; Owner: neondb_owner
--

ALTER TABLE ONLY public.familyfees_familypayment
    ADD CONSTRAINT familyfees_familypayment_pkey PRIMARY KEY (id);


--
-- Name: fees_feestructure fees_feestructure_pkey; Type: CONSTRAINT; Schema: public; Owner: neondb_owner
--

ALTER TABLE ONLY public.fees_feestructure
    ADD CONSTRAINT fees_feestructure_pkey PRIMARY KEY (id);


--
-- Name: fees_payment fees_payment_pkey; Type: CONSTRAINT; Schema: public; Owner: neondb_owner
--

ALTER TABLE ONLY public.fees_payment
    ADD CONSTRAINT fees_payment_pkey PRIMARY KEY (id);


--
-- Name: fees_studentfeerecord fees_studentfeerecord_pkey; Type: CONSTRAINT; Schema: public; Owner: neondb_owner
--

ALTER TABLE ONLY public.fees_studentfeerecord
    ADD CONSTRAINT fees_studentfeerecord_pkey PRIMARY KEY (id);


--
-- Name: fees_studentfeerecord fees_studentfeerecord_student_id_fee_structure_id_f0734910_uniq; Type: CONSTRAINT; Schema: public; Owner: neondb_owner
--

ALTER TABLE ONLY public.fees_studentfeerecord
    ADD CONSTRAINT fees_studentfeerecord_student_id_fee_structure_id_f0734910_uniq UNIQUE (student_id, fee_structure_id);


--
-- Name: principal_principalprofile principal_principalprofile_pkey; Type: CONSTRAINT; Schema: public; Owner: neondb_owner
--

ALTER TABLE ONLY public.principal_principalprofile
    ADD CONSTRAINT principal_principalprofile_pkey PRIMARY KEY (id);


--
-- Name: principal_principalprofile principal_principalprofile_user_id_key; Type: CONSTRAINT; Schema: public; Owner: neondb_owner
--

ALTER TABLE ONLY public.principal_principalprofile
    ADD CONSTRAINT principal_principalprofile_user_id_key UNIQUE (user_id);


--
-- Name: staff_staffprofile staff_staffprofile_pkey; Type: CONSTRAINT; Schema: public; Owner: neondb_owner
--

ALTER TABLE ONLY public.staff_staffprofile
    ADD CONSTRAINT staff_staffprofile_pkey PRIMARY KEY (id);


--
-- Name: staff_staffprofile staff_staffprofile_user_id_key; Type: CONSTRAINT; Schema: public; Owner: neondb_owner
--

ALTER TABLE ONLY public.staff_staffprofile
    ADD CONSTRAINT staff_staffprofile_user_id_key UNIQUE (user_id);


--
-- Name: student_academicyear student_academicyear_name_key; Type: CONSTRAINT; Schema: public; Owner: neondb_owner
--

ALTER TABLE ONLY public.student_academicyear
    ADD CONSTRAINT student_academicyear_name_key UNIQUE (name);


--
-- Name: student_academicyear student_academicyear_pkey; Type: CONSTRAINT; Schema: public; Owner: neondb_owner
--

ALTER TABLE ONLY public.student_academicyear
    ADD CONSTRAINT student_academicyear_pkey PRIMARY KEY (id);


--
-- Name: student_gradeclass student_gradeclass_pkey; Type: CONSTRAINT; Schema: public; Owner: neondb_owner
--

ALTER TABLE ONLY public.student_gradeclass
    ADD CONSTRAINT student_gradeclass_pkey PRIMARY KEY (id);


--
-- Name: student_studentprofile student_studentprofile_pkey; Type: CONSTRAINT; Schema: public; Owner: neondb_owner
--

ALTER TABLE ONLY public.student_studentprofile
    ADD CONSTRAINT student_studentprofile_pkey PRIMARY KEY (id);


--
-- Name: student_studentprofile student_studentprofile_user_id_key; Type: CONSTRAINT; Schema: public; Owner: neondb_owner
--

ALTER TABLE ONLY public.student_studentprofile
    ADD CONSTRAINT student_studentprofile_user_id_key UNIQUE (user_id);


--
-- Name: student_studentsubjectrecord student_studentsubjectrecord_pkey; Type: CONSTRAINT; Schema: public; Owner: neondb_owner
--

ALTER TABLE ONLY public.student_studentsubjectrecord
    ADD CONSTRAINT student_studentsubjectrecord_pkey PRIMARY KEY (id);


--
-- Name: student_studenttermrecord student_studenttermrecord_pkey; Type: CONSTRAINT; Schema: public; Owner: neondb_owner
--

ALTER TABLE ONLY public.student_studenttermrecord
    ADD CONSTRAINT student_studenttermrecord_pkey PRIMARY KEY (id);


--
-- Name: student_studenttermrecord student_studenttermrecord_student_id_term_id_c1204914_uniq; Type: CONSTRAINT; Schema: public; Owner: neondb_owner
--

ALTER TABLE ONLY public.student_studenttermrecord
    ADD CONSTRAINT student_studenttermrecord_student_id_term_id_c1204914_uniq UNIQUE (student_id, term_id);


--
-- Name: student_subject student_subject_pkey; Type: CONSTRAINT; Schema: public; Owner: neondb_owner
--

ALTER TABLE ONLY public.student_subject
    ADD CONSTRAINT student_subject_pkey PRIMARY KEY (id);


--
-- Name: student_term student_term_name_academic_year_id_1d13343c_uniq; Type: CONSTRAINT; Schema: public; Owner: neondb_owner
--

ALTER TABLE ONLY public.student_term
    ADD CONSTRAINT student_term_name_academic_year_id_1d13343c_uniq UNIQUE (name, academic_year_id);


--
-- Name: student_term student_term_pkey; Type: CONSTRAINT; Schema: public; Owner: neondb_owner
--

ALTER TABLE ONLY public.student_term
    ADD CONSTRAINT student_term_pkey PRIMARY KEY (id);


--
-- Name: account_user_groups_group_id_6c71f749; Type: INDEX; Schema: public; Owner: neondb_owner
--

CREATE INDEX account_user_groups_group_id_6c71f749 ON public.account_user_groups USING btree (group_id);


--
-- Name: account_user_groups_user_id_14345e7b; Type: INDEX; Schema: public; Owner: neondb_owner
--

CREATE INDEX account_user_groups_user_id_14345e7b ON public.account_user_groups USING btree (user_id);


--
-- Name: account_user_user_id_673deb05_like; Type: INDEX; Schema: public; Owner: neondb_owner
--

CREATE INDEX account_user_user_id_673deb05_like ON public.account_user USING btree (user_id varchar_pattern_ops);


--
-- Name: account_user_user_permissions_permission_id_66c44191; Type: INDEX; Schema: public; Owner: neondb_owner
--

CREATE INDEX account_user_user_permissions_permission_id_66c44191 ON public.account_user_user_permissions USING btree (permission_id);


--
-- Name: account_user_user_permissions_user_id_cc42d270; Type: INDEX; Schema: public; Owner: neondb_owner
--

CREATE INDEX account_user_user_permissions_user_id_cc42d270 ON public.account_user_user_permissions USING btree (user_id);


--
-- Name: auth_group_name_a6ea08ec_like; Type: INDEX; Schema: public; Owner: neondb_owner
--

CREATE INDEX auth_group_name_a6ea08ec_like ON public.auth_group USING btree (name varchar_pattern_ops);


--
-- Name: auth_group_permissions_group_id_b120cbf9; Type: INDEX; Schema: public; Owner: neondb_owner
--

CREATE INDEX auth_group_permissions_group_id_b120cbf9 ON public.auth_group_permissions USING btree (group_id);


--
-- Name: auth_group_permissions_permission_id_84c5c92e; Type: INDEX; Schema: public; Owner: neondb_owner
--

CREATE INDEX auth_group_permissions_permission_id_84c5c92e ON public.auth_group_permissions USING btree (permission_id);


--
-- Name: auth_permission_content_type_id_2f476e4b; Type: INDEX; Schema: public; Owner: neondb_owner
--

CREATE INDEX auth_permission_content_type_id_2f476e4b ON public.auth_permission USING btree (content_type_id);


--
-- Name: django_admin_log_content_type_id_c4bce8eb; Type: INDEX; Schema: public; Owner: neondb_owner
--

CREATE INDEX django_admin_log_content_type_id_c4bce8eb ON public.django_admin_log USING btree (content_type_id);


--
-- Name: django_admin_log_user_id_c564eba6; Type: INDEX; Schema: public; Owner: neondb_owner
--

CREATE INDEX django_admin_log_user_id_c564eba6 ON public.django_admin_log USING btree (user_id);


--
-- Name: django_session_expire_date_a5c62663; Type: INDEX; Schema: public; Owner: neondb_owner
--

CREATE INDEX django_session_expire_date_a5c62663 ON public.django_session USING btree (expire_date);


--
-- Name: django_session_session_key_c0390e0f_like; Type: INDEX; Schema: public; Owner: neondb_owner
--

CREATE INDEX django_session_session_key_c0390e0f_like ON public.django_session USING btree (session_key varchar_pattern_ops);


--
-- Name: familyfees_family_members_family_id_52091cdf; Type: INDEX; Schema: public; Owner: neondb_owner
--

CREATE INDEX familyfees_family_members_family_id_52091cdf ON public.familyfees_family_members USING btree (family_id);


--
-- Name: familyfees_family_members_user_id_034dcbc4; Type: INDEX; Schema: public; Owner: neondb_owner
--

CREATE INDEX familyfees_family_members_user_id_034dcbc4 ON public.familyfees_family_members USING btree (user_id);


--
-- Name: familyfees_family_name_e0505e83_like; Type: INDEX; Schema: public; Owner: neondb_owner
--

CREATE INDEX familyfees_family_name_e0505e83_like ON public.familyfees_family USING btree (name varchar_pattern_ops);


--
-- Name: familyfees_familyfeerecord_academic_year_id_c08f0951; Type: INDEX; Schema: public; Owner: neondb_owner
--

CREATE INDEX familyfees_familyfeerecord_academic_year_id_c08f0951 ON public.familyfees_familyfeerecord USING btree (academic_year_id);


--
-- Name: familyfees_familyfeerecord_family_id_8bbe78ee; Type: INDEX; Schema: public; Owner: neondb_owner
--

CREATE INDEX familyfees_familyfeerecord_family_id_8bbe78ee ON public.familyfees_familyfeerecord USING btree (family_id);


--
-- Name: familyfees_familyfeerecord_term_id_4a0e76af; Type: INDEX; Schema: public; Owner: neondb_owner
--

CREATE INDEX familyfees_familyfeerecord_term_id_4a0e76af ON public.familyfees_familyfeerecord USING btree (term_id);


--
-- Name: familyfees_familypayment_family_fee_record_id_5a291847; Type: INDEX; Schema: public; Owner: neondb_owner
--

CREATE INDEX familyfees_familypayment_family_fee_record_id_5a291847 ON public.familyfees_familypayment USING btree (family_fee_record_id);


--
-- Name: fees_feestructure_academic_year_id_730f45dc; Type: INDEX; Schema: public; Owner: neondb_owner
--

CREATE INDEX fees_feestructure_academic_year_id_730f45dc ON public.fees_feestructure USING btree (academic_year_id);


--
-- Name: fees_feestructure_grade_class_id_85e724dc; Type: INDEX; Schema: public; Owner: neondb_owner
--

CREATE INDEX fees_feestructure_grade_class_id_85e724dc ON public.fees_feestructure USING btree (grade_class_id);


--
-- Name: fees_feestructure_term_id_8b1a43ce; Type: INDEX; Schema: public; Owner: neondb_owner
--

CREATE INDEX fees_feestructure_term_id_8b1a43ce ON public.fees_feestructure USING btree (term_id);


--
-- Name: fees_payment_student_fee_record_id_73ff6445; Type: INDEX; Schema: public; Owner: neondb_owner
--

CREATE INDEX fees_payment_student_fee_record_id_73ff6445 ON public.fees_payment USING btree (student_fee_record_id);


--
-- Name: fees_studentfeerecord_fee_structure_id_1e938350; Type: INDEX; Schema: public; Owner: neondb_owner
--

CREATE INDEX fees_studentfeerecord_fee_structure_id_1e938350 ON public.fees_studentfeerecord USING btree (fee_structure_id);


--
-- Name: fees_studentfeerecord_student_id_2098bb89; Type: INDEX; Schema: public; Owner: neondb_owner
--

CREATE INDEX fees_studentfeerecord_student_id_2098bb89 ON public.fees_studentfeerecord USING btree (student_id);


--
-- Name: student_academicyear_name_513c4b8b_like; Type: INDEX; Schema: public; Owner: neondb_owner
--

CREATE INDEX student_academicyear_name_513c4b8b_like ON public.student_academicyear USING btree (name varchar_pattern_ops);


--
-- Name: student_gradeclass_staff_id_c10441e2; Type: INDEX; Schema: public; Owner: neondb_owner
--

CREATE INDEX student_gradeclass_staff_id_c10441e2 ON public.student_gradeclass USING btree (staff_id);


--
-- Name: student_studentsubjectrecord_student_term_record_id_04713236; Type: INDEX; Schema: public; Owner: neondb_owner
--

CREATE INDEX student_studentsubjectrecord_student_term_record_id_04713236 ON public.student_studentsubjectrecord USING btree (student_term_record_id);


--
-- Name: student_studentsubjectrecord_subject_id_fde5a1ff; Type: INDEX; Schema: public; Owner: neondb_owner
--

CREATE INDEX student_studentsubjectrecord_subject_id_fde5a1ff ON public.student_studentsubjectrecord USING btree (subject_id);


--
-- Name: student_studenttermrecord_grade_class_id_5574c741; Type: INDEX; Schema: public; Owner: neondb_owner
--

CREATE INDEX student_studenttermrecord_grade_class_id_5574c741 ON public.student_studenttermrecord USING btree (grade_class_id);


--
-- Name: student_studenttermrecord_student_id_616c07de; Type: INDEX; Schema: public; Owner: neondb_owner
--

CREATE INDEX student_studenttermrecord_student_id_616c07de ON public.student_studenttermrecord USING btree (student_id);


--
-- Name: student_studenttermrecord_term_id_5344b2bd; Type: INDEX; Schema: public; Owner: neondb_owner
--

CREATE INDEX student_studenttermrecord_term_id_5344b2bd ON public.student_studenttermrecord USING btree (term_id);


--
-- Name: student_term_academic_year_id_96829419; Type: INDEX; Schema: public; Owner: neondb_owner
--

CREATE INDEX student_term_academic_year_id_96829419 ON public.student_term USING btree (academic_year_id);


--
-- Name: account_user_groups account_user_groups_group_id_6c71f749_fk_auth_group_id; Type: FK CONSTRAINT; Schema: public; Owner: neondb_owner
--

ALTER TABLE ONLY public.account_user_groups
    ADD CONSTRAINT account_user_groups_group_id_6c71f749_fk_auth_group_id FOREIGN KEY (group_id) REFERENCES public.auth_group(id) DEFERRABLE INITIALLY DEFERRED;


--
-- Name: account_user_groups account_user_groups_user_id_14345e7b_fk_account_user_id; Type: FK CONSTRAINT; Schema: public; Owner: neondb_owner
--

ALTER TABLE ONLY public.account_user_groups
    ADD CONSTRAINT account_user_groups_user_id_14345e7b_fk_account_user_id FOREIGN KEY (user_id) REFERENCES public.account_user(id) DEFERRABLE INITIALLY DEFERRED;


--
-- Name: account_user_user_permissions account_user_user_pe_permission_id_66c44191_fk_auth_perm; Type: FK CONSTRAINT; Schema: public; Owner: neondb_owner
--

ALTER TABLE ONLY public.account_user_user_permissions
    ADD CONSTRAINT account_user_user_pe_permission_id_66c44191_fk_auth_perm FOREIGN KEY (permission_id) REFERENCES public.auth_permission(id) DEFERRABLE INITIALLY DEFERRED;


--
-- Name: account_user_user_permissions account_user_user_pe_user_id_cc42d270_fk_account_u; Type: FK CONSTRAINT; Schema: public; Owner: neondb_owner
--

ALTER TABLE ONLY public.account_user_user_permissions
    ADD CONSTRAINT account_user_user_pe_user_id_cc42d270_fk_account_u FOREIGN KEY (user_id) REFERENCES public.account_user(id) DEFERRABLE INITIALLY DEFERRED;


--
-- Name: auth_group_permissions auth_group_permissio_permission_id_84c5c92e_fk_auth_perm; Type: FK CONSTRAINT; Schema: public; Owner: neondb_owner
--

ALTER TABLE ONLY public.auth_group_permissions
    ADD CONSTRAINT auth_group_permissio_permission_id_84c5c92e_fk_auth_perm FOREIGN KEY (permission_id) REFERENCES public.auth_permission(id) DEFERRABLE INITIALLY DEFERRED;


--
-- Name: auth_group_permissions auth_group_permissions_group_id_b120cbf9_fk_auth_group_id; Type: FK CONSTRAINT; Schema: public; Owner: neondb_owner
--

ALTER TABLE ONLY public.auth_group_permissions
    ADD CONSTRAINT auth_group_permissions_group_id_b120cbf9_fk_auth_group_id FOREIGN KEY (group_id) REFERENCES public.auth_group(id) DEFERRABLE INITIALLY DEFERRED;


--
-- Name: auth_permission auth_permission_content_type_id_2f476e4b_fk_django_co; Type: FK CONSTRAINT; Schema: public; Owner: neondb_owner
--

ALTER TABLE ONLY public.auth_permission
    ADD CONSTRAINT auth_permission_content_type_id_2f476e4b_fk_django_co FOREIGN KEY (content_type_id) REFERENCES public.django_content_type(id) DEFERRABLE INITIALLY DEFERRED;


--
-- Name: django_admin_log django_admin_log_content_type_id_c4bce8eb_fk_django_co; Type: FK CONSTRAINT; Schema: public; Owner: neondb_owner
--

ALTER TABLE ONLY public.django_admin_log
    ADD CONSTRAINT django_admin_log_content_type_id_c4bce8eb_fk_django_co FOREIGN KEY (content_type_id) REFERENCES public.django_content_type(id) DEFERRABLE INITIALLY DEFERRED;


--
-- Name: django_admin_log django_admin_log_user_id_c564eba6_fk_account_user_id; Type: FK CONSTRAINT; Schema: public; Owner: neondb_owner
--

ALTER TABLE ONLY public.django_admin_log
    ADD CONSTRAINT django_admin_log_user_id_c564eba6_fk_account_user_id FOREIGN KEY (user_id) REFERENCES public.account_user(id) DEFERRABLE INITIALLY DEFERRED;


--
-- Name: familyfees_family_members familyfees_family_me_family_id_52091cdf_fk_familyfee; Type: FK CONSTRAINT; Schema: public; Owner: neondb_owner
--

ALTER TABLE ONLY public.familyfees_family_members
    ADD CONSTRAINT familyfees_family_me_family_id_52091cdf_fk_familyfee FOREIGN KEY (family_id) REFERENCES public.familyfees_family(id) DEFERRABLE INITIALLY DEFERRED;


--
-- Name: familyfees_family_members familyfees_family_members_user_id_034dcbc4_fk_account_user_id; Type: FK CONSTRAINT; Schema: public; Owner: neondb_owner
--

ALTER TABLE ONLY public.familyfees_family_members
    ADD CONSTRAINT familyfees_family_members_user_id_034dcbc4_fk_account_user_id FOREIGN KEY (user_id) REFERENCES public.account_user(id) DEFERRABLE INITIALLY DEFERRED;


--
-- Name: familyfees_familyfeerecord familyfees_familyfee_academic_year_id_c08f0951_fk_student_a; Type: FK CONSTRAINT; Schema: public; Owner: neondb_owner
--

ALTER TABLE ONLY public.familyfees_familyfeerecord
    ADD CONSTRAINT familyfees_familyfee_academic_year_id_c08f0951_fk_student_a FOREIGN KEY (academic_year_id) REFERENCES public.student_academicyear(id) DEFERRABLE INITIALLY DEFERRED;


--
-- Name: familyfees_familyfeerecord familyfees_familyfee_family_id_8bbe78ee_fk_familyfee; Type: FK CONSTRAINT; Schema: public; Owner: neondb_owner
--

ALTER TABLE ONLY public.familyfees_familyfeerecord
    ADD CONSTRAINT familyfees_familyfee_family_id_8bbe78ee_fk_familyfee FOREIGN KEY (family_id) REFERENCES public.familyfees_family(id) DEFERRABLE INITIALLY DEFERRED;


--
-- Name: familyfees_familyfeerecord familyfees_familyfeerecord_term_id_4a0e76af_fk_student_term_id; Type: FK CONSTRAINT; Schema: public; Owner: neondb_owner
--

ALTER TABLE ONLY public.familyfees_familyfeerecord
    ADD CONSTRAINT familyfees_familyfeerecord_term_id_4a0e76af_fk_student_term_id FOREIGN KEY (term_id) REFERENCES public.student_term(id) DEFERRABLE INITIALLY DEFERRED;


--
-- Name: familyfees_familypayment familyfees_familypay_family_fee_record_id_5a291847_fk_familyfee; Type: FK CONSTRAINT; Schema: public; Owner: neondb_owner
--

ALTER TABLE ONLY public.familyfees_familypayment
    ADD CONSTRAINT familyfees_familypay_family_fee_record_id_5a291847_fk_familyfee FOREIGN KEY (family_fee_record_id) REFERENCES public.familyfees_familyfeerecord(id) DEFERRABLE INITIALLY DEFERRED;


--
-- Name: fees_feestructure fees_feestructure_academic_year_id_730f45dc_fk_student_a; Type: FK CONSTRAINT; Schema: public; Owner: neondb_owner
--

ALTER TABLE ONLY public.fees_feestructure
    ADD CONSTRAINT fees_feestructure_academic_year_id_730f45dc_fk_student_a FOREIGN KEY (academic_year_id) REFERENCES public.student_academicyear(id) DEFERRABLE INITIALLY DEFERRED;


--
-- Name: fees_feestructure fees_feestructure_grade_class_id_85e724dc_fk_student_g; Type: FK CONSTRAINT; Schema: public; Owner: neondb_owner
--

ALTER TABLE ONLY public.fees_feestructure
    ADD CONSTRAINT fees_feestructure_grade_class_id_85e724dc_fk_student_g FOREIGN KEY (grade_class_id) REFERENCES public.student_gradeclass(id) DEFERRABLE INITIALLY DEFERRED;


--
-- Name: fees_feestructure fees_feestructure_term_id_8b1a43ce_fk_student_term_id; Type: FK CONSTRAINT; Schema: public; Owner: neondb_owner
--

ALTER TABLE ONLY public.fees_feestructure
    ADD CONSTRAINT fees_feestructure_term_id_8b1a43ce_fk_student_term_id FOREIGN KEY (term_id) REFERENCES public.student_term(id) DEFERRABLE INITIALLY DEFERRED;


--
-- Name: fees_payment fees_payment_student_fee_record_i_73ff6445_fk_fees_stud; Type: FK CONSTRAINT; Schema: public; Owner: neondb_owner
--

ALTER TABLE ONLY public.fees_payment
    ADD CONSTRAINT fees_payment_student_fee_record_i_73ff6445_fk_fees_stud FOREIGN KEY (student_fee_record_id) REFERENCES public.fees_studentfeerecord(id) DEFERRABLE INITIALLY DEFERRED;


--
-- Name: fees_studentfeerecord fees_studentfeerecor_fee_structure_id_1e938350_fk_fees_fees; Type: FK CONSTRAINT; Schema: public; Owner: neondb_owner
--

ALTER TABLE ONLY public.fees_studentfeerecord
    ADD CONSTRAINT fees_studentfeerecor_fee_structure_id_1e938350_fk_fees_fees FOREIGN KEY (fee_structure_id) REFERENCES public.fees_feestructure(id) DEFERRABLE INITIALLY DEFERRED;


--
-- Name: fees_studentfeerecord fees_studentfeerecor_student_id_2098bb89_fk_student_s; Type: FK CONSTRAINT; Schema: public; Owner: neondb_owner
--

ALTER TABLE ONLY public.fees_studentfeerecord
    ADD CONSTRAINT fees_studentfeerecor_student_id_2098bb89_fk_student_s FOREIGN KEY (student_id) REFERENCES public.student_studentprofile(id) DEFERRABLE INITIALLY DEFERRED;


--
-- Name: principal_principalprofile principal_principalprofile_user_id_faf088ff_fk_account_user_id; Type: FK CONSTRAINT; Schema: public; Owner: neondb_owner
--

ALTER TABLE ONLY public.principal_principalprofile
    ADD CONSTRAINT principal_principalprofile_user_id_faf088ff_fk_account_user_id FOREIGN KEY (user_id) REFERENCES public.account_user(id) DEFERRABLE INITIALLY DEFERRED;


--
-- Name: staff_staffprofile staff_staffprofile_user_id_de1feaad_fk_account_user_id; Type: FK CONSTRAINT; Schema: public; Owner: neondb_owner
--

ALTER TABLE ONLY public.staff_staffprofile
    ADD CONSTRAINT staff_staffprofile_user_id_de1feaad_fk_account_user_id FOREIGN KEY (user_id) REFERENCES public.account_user(id) DEFERRABLE INITIALLY DEFERRED;


--
-- Name: student_gradeclass student_gradeclass_staff_id_c10441e2_fk_staff_staffprofile_id; Type: FK CONSTRAINT; Schema: public; Owner: neondb_owner
--

ALTER TABLE ONLY public.student_gradeclass
    ADD CONSTRAINT student_gradeclass_staff_id_c10441e2_fk_staff_staffprofile_id FOREIGN KEY (staff_id) REFERENCES public.staff_staffprofile(id) DEFERRABLE INITIALLY DEFERRED;


--
-- Name: student_studentprofile student_studentprofile_user_id_68bc9a36_fk_account_user_id; Type: FK CONSTRAINT; Schema: public; Owner: neondb_owner
--

ALTER TABLE ONLY public.student_studentprofile
    ADD CONSTRAINT student_studentprofile_user_id_68bc9a36_fk_account_user_id FOREIGN KEY (user_id) REFERENCES public.account_user(id) DEFERRABLE INITIALLY DEFERRED;


--
-- Name: student_studentsubjectrecord student_studentsubje_student_term_record__04713236_fk_student_s; Type: FK CONSTRAINT; Schema: public; Owner: neondb_owner
--

ALTER TABLE ONLY public.student_studentsubjectrecord
    ADD CONSTRAINT student_studentsubje_student_term_record__04713236_fk_student_s FOREIGN KEY (student_term_record_id) REFERENCES public.student_studenttermrecord(id) DEFERRABLE INITIALLY DEFERRED;


--
-- Name: student_studentsubjectrecord student_studentsubje_subject_id_fde5a1ff_fk_student_s; Type: FK CONSTRAINT; Schema: public; Owner: neondb_owner
--

ALTER TABLE ONLY public.student_studentsubjectrecord
    ADD CONSTRAINT student_studentsubje_subject_id_fde5a1ff_fk_student_s FOREIGN KEY (subject_id) REFERENCES public.student_subject(id) DEFERRABLE INITIALLY DEFERRED;


--
-- Name: student_studenttermrecord student_studenttermr_grade_class_id_5574c741_fk_student_g; Type: FK CONSTRAINT; Schema: public; Owner: neondb_owner
--

ALTER TABLE ONLY public.student_studenttermrecord
    ADD CONSTRAINT student_studenttermr_grade_class_id_5574c741_fk_student_g FOREIGN KEY (grade_class_id) REFERENCES public.student_gradeclass(id) DEFERRABLE INITIALLY DEFERRED;


--
-- Name: student_studenttermrecord student_studenttermr_student_id_616c07de_fk_student_s; Type: FK CONSTRAINT; Schema: public; Owner: neondb_owner
--

ALTER TABLE ONLY public.student_studenttermrecord
    ADD CONSTRAINT student_studenttermr_student_id_616c07de_fk_student_s FOREIGN KEY (student_id) REFERENCES public.student_studentprofile(id) DEFERRABLE INITIALLY DEFERRED;


--
-- Name: student_studenttermrecord student_studenttermrecord_term_id_5344b2bd_fk_student_term_id; Type: FK CONSTRAINT; Schema: public; Owner: neondb_owner
--

ALTER TABLE ONLY public.student_studenttermrecord
    ADD CONSTRAINT student_studenttermrecord_term_id_5344b2bd_fk_student_term_id FOREIGN KEY (term_id) REFERENCES public.student_term(id) DEFERRABLE INITIALLY DEFERRED;


--
-- Name: student_term student_term_academic_year_id_96829419_fk_student_a; Type: FK CONSTRAINT; Schema: public; Owner: neondb_owner
--

ALTER TABLE ONLY public.student_term
    ADD CONSTRAINT student_term_academic_year_id_96829419_fk_student_a FOREIGN KEY (academic_year_id) REFERENCES public.student_academicyear(id) DEFERRABLE INITIALLY DEFERRED;


--
-- Name: DEFAULT PRIVILEGES FOR SEQUENCES; Type: DEFAULT ACL; Schema: public; Owner: cloud_admin
--

ALTER DEFAULT PRIVILEGES FOR ROLE cloud_admin IN SCHEMA public GRANT ALL ON SEQUENCES TO neon_superuser WITH GRANT OPTION;


--
-- Name: DEFAULT PRIVILEGES FOR TABLES; Type: DEFAULT ACL; Schema: public; Owner: cloud_admin
--

ALTER DEFAULT PRIVILEGES FOR ROLE cloud_admin IN SCHEMA public GRANT ALL ON TABLES TO neon_superuser WITH GRANT OPTION;


--
-- PostgreSQL database dump complete
--

\unrestrict 41pjMoSiEf7WguuUlUrbJMb280RzzYMtRv8960yf2fn1xGvvZRgHwQZnLF9xZUP

